"Genus","Total.Mean","Total.N","Total.Sd","gut.Mean","gut.N","gut.Sd","gut.se","gut.lower","gut.upper","gut.CI95per","left palm.Mean","left palm.N","left palm.Sd","left palm.se","left palm.lower","left palm.upper","left palm.CI95per","right palm.Mean","right palm.N","right palm.Sd","right palm.se","right palm.lower","right palm.upper","right palm.CI95per","tongue.Mean","tongue.N","tongue.Sd","tongue.se","tongue.lower","tongue.upper","tongue.CI95per"
"1-68",0.000596623944877347,34,0.00149233285639631,0,8,0,0,0,0,0,0.000697432496796643,8,0.00101356738952998,0.000358350187163098,-4.92096389621594e-06,0.0013997859574895,0.00140470692138572,0.00163397268349518,9,0.0025120760318774,0.000837358677292467,-7.2201661401503e-06,0.00327516553313052,0.00328238569927067,0,9,0,0,0,0,0
"AF12",1.05797714769361e-05,34,6.16901385404708e-05,0,8,0,0,0,0,0,0,8,0,0,0,0,0,3.99680255795364e-05,9,0.000119904076738609,3.99680255795364e-05,-3.83678650895305e-05,0.000118303916248603,0.000156671781338134,0,9,0,0,0,0,0
"Abiotrophia",0.000323757193298869,34,0.00123099500173462,0,8,0,0,0,0,0,0.000611396429444852,8,0.00172929024501479,0.000611396429444852,-0.000586918552543442,0.00180971141143315,0.00239662996397659,0.000679619237400304,9,0.00178500156219685,0.000595000520732282,-0.000486560354017547,0.00184579882881815,0.0023323591828357,0,9,0,0,0,0,0
"Acanthamoeba",1.05797714769361e-05,34,6.16901385404708e-05,0,8,0,0,0,0,0,0,8,0,0,0,0,0,3.99680255795364e-05,9,0.000119904076738609,3.99680255795364e-05,-3.83678650895305e-05,0.000118303916248603,0.000156671781338134,0,9,0,0,0,0,0
"Acidovorax",0.000778367977261777,34,0.00260500605848242,0,8,0,0,0,0,0,0.000858341810783316,8,0.00242775725992329,0.000858341810783316,-0.000823977224776877,0.00254066084634351,0.00336463807112039,0.00217753074895932,9,0.00439761569973072,0.00146587189991024,-0.000695525380814055,0.0050505868787327,0.00574611225954675,0,9,0,0,0,0,0
"Acinetobacter",0.0161201228797676,34,0.0520669214461255,0,8,0,0,0,0,0,0.032445333199714,8,0.0708211898233485,0.0250390717878947,-0.0166303457108726,0.0815210121103006,0.0981513578211732,0.0320579458127094,9,0.0754292017509447,0.0251430672503149,-0.0172215604587763,0.0813374520841951,0.0985590125429715,0,9,0,0,0,0,0
"Actinomyces",0.00235638243278789,34,0.00465097996794167,0,8,0,0,0,0,0,0.000880853006381573,8,0.00189679156214932,0.000670617088046603,-0.000433532333606895,0.00219523834637004,0.00262877067997693,0.000592459290988915,9,0.00106768949913447,0.00035589649971149,-0.000105085030669476,0.00129000361264731,0.00139508864331678,0.00752644944942614,9,0.00660617047715582,0.00220205682571861,0.00321049737910708,0.0118424015197452,0.00863190414063812
"Actinomycetospora",8.35610850641422e-05,34,0.000343624968627642,0,8,0,0,0,0,0,0,8,0,0,0,0,0,0.000315675210242315,9,0.000636113575917363,0.000212037858639121,-9.99113560493573e-05,0.000731261776533988,0.000831173132583345,0,9,0,0,0,0,0
"Adhaeribacter",0.000104694854650073,34,0.000358016492591099,0,8,0,0,0,0,0,8.5499316005472e-05,8,0.000241828584537123,8.54993160054719e-05,-8.2076264068062e-05,0.000253074896079006,0.000335151160147068,0.000319514503339857,9,0.000634017147736459,0.000211339049245486,-9.47024217082333e-05,0.000733731428387947,0.00082843385009618,0,9,0,0,0,0,0
"Aeromicrobium",0.000247379238543144,34,0.0010095252889055,0,8,0,0,0,0,0,0.000474083438685209,8,0.00134091045737019,0.000474083438685209,-0.000455103026804703,0.00140326990417512,0.00185837293097982,0.000513136288998358,9,0.00153940886699507,0.000513136288998358,-0.00049259235659896,0.00151886493459568,0.00201145729119464,0,9,0,0,0,0,0
"Aeromonas",1.50922437940694e-05,34,8.80021475484959e-05,0,8,0,0,0,0,0,0,8,0,0,0,0,0,5.70151432220398e-05,9,0.000171045429666119,5.70151432220398e-05,-5.47324840665511e-05,0.000168762770510631,0.000223495254577182,0,9,0,0,0,0,0
"Aggregatibacter",0.00126335880400655,34,0.00332784016606247,0,8,0,0,0,0,0,0.0028740656301217,8,0.00571760171693229,0.00202147747308333,-0.00108795741268067,0.00683608867292407,0.00792404608560474,0.00141549467478078,9,0.00261280020807198,0.00087093340269066,-0.000291503427425835,0.00312249277698739,0.00341399620441323,0.000802469135802469,9,0.00240740740740741,0.000802469135802469,-0.000770341469075352,0.00237527974068029,0.00314562120975564
"Akkermansia",0.00412817182830169,34,0.0151850976314327,0.014339602065154,8,0.0289983814016002,0.0102524760662527,-0.00575488177706017,0.0344340859073681,0.0401889676844283,0,8,0,0,0,0,0,0.00284900284900285,9,0.00854700854700855,0.00284900284900285,-0.00273494012689474,0.00843294582490044,0.0111678859517952,0,9,0,0,0,0,0
"Alcaligenes",3.69146717362816e-05,34,0.000215247675108263,0,8,0,0,0,0,0,0.000156887354879197,8,0.000443744450070002,0.000156887354879197,-0.000150606210313783,0.000464380920072176,0.00061498713038596,0,9,0,0,0,0,0,0,9,0,0,0,0,0
"Alicyclobacillus",7.96634255287093e-05,34,0.000257605729356827,0,8,0,0,0,0,0,0.000244451503187568,8,0.00047910739549809,0.000169390044136662,-8.75468826599405e-05,0.000576449889035076,0.000663996771695016,8.36604936083974e-05,9,0.000179521968657026,5.98406562190086e-05,-3.36250373921023e-05,0.000200946024608897,0.000234571062000999,0,9,0,0,0,0,0
"Alistipes",0.00444297689262266,34,0.0113039268311408,0.0157801698080578,8,0.01804646900462,0.00638039030481982,0.00327483460330246,0.0282855050128132,0.0250106704095108,0,8,0,0,0,0,0,0.00275776176496753,9,0.00827328529490259,0.00275776176496753,-0.00264735197231044,0.0081628755022455,0.0108102274745559,0,9,0,0,0,0,0
"Allobaculum",0.000106246634775032,34,0.000467037151620158,0,8,0,0,0,0,0,0.000316656111462951,8,0.000895638734878464,0.000316656111462951,-0.000303978462488934,0.000937290685414837,0.00124126914790377,0.000119904076738609,9,0.000359712230215827,0.000119904076738609,-0.000115103595268592,0.00035491174874581,0.000470015344014401,0,9,0,0,0,0,0
"Alloiococcus",0.00108511315687414,34,0.00456449299468291,0,8,0,0,0,0,0,0.00370635915501114,8,0.0091429364529223,0.00323251618290952,-0.00262925614293441,0.0100419744529567,0.0126712305958911,0.000804774899292389,9,0.00182677717890168,0.000608925726300561,-0.000388697593516604,0.00199824739210138,0.00238694498561799,0,9,0,0,0,0,0
"Anaerobiospirillum",4.88151451139083e-05,34,0.000200087650425438,0,8,0,0,0,0,0,0.000117665516159398,8,0.000332808337552501,0.000117665516159398,-0.000112954657735337,0.000348285690054132,0.00046124034778947,7.98212005108557e-05,9,0.000239463601532567,7.98212005108557e-05,-7.66254776931716e-05,0.000236267878714883,0.000312893356408055,0,9,0,0,0,0,0
"Anaerococcus",0.0117109130748702,34,0.0171616104178436,0,8,0,0,0,0,0,0.02357707269069,8,0.0167443588993167,0.00592002486216409,0.0119740371732667,0.0351801082081133,0.0232060710348466,0.0232838292244518,9,0.0196636187027554,0.00655453956758512,0.0104371677367422,0.0361304907121614,0.0256933229754191,0,9,0,0,0,0,0
"Anaerostipes",7.63539649229476e-05,34,0.000325891572192375,0.000324504350922527,8,0.000639259439367018,0.000226012342256964,-0.000118471699962663,0.000767480401807718,0.000885952101770381,0,8,0,0,0,0,0,0,9,0,0,0,0,0,0,9,0,0,0,0,0
"Arcanobacterium",4.22582826233942e-05,34,0.000246406013135789,0,8,0,0,0,0,0,0,8,0,0,0,0,0,0.000159642401021711,9,0.000478927203065134,0.000159642401021711,-0.000153250955386343,0.000472535757429766,0.000625786712816109,0,9,0,0,0,0,0
"Arcobacter",3.69146717362816e-05,34,0.000215247675108263,0,8,0,0,0,0,0,0.000156887354879197,8,0.000443744450070002,0.000156887354879197,-0.000150606210313783,0.000464380920072176,0.00061498713038596,0,9,0,0,0,0,0,0,9,0,0,0,0,0
"Arthrobacter",0.000390916784271486,34,0.0014533876140274,0,8,0,0,0,0,0,0.000902102290555381,8,0.00255153058790251,0.000902102290555381,-0.000865985709304253,0.00267019029041502,0.00353617599971927,0.000674928037865274,9,0.00152973027152831,0.000509910090509438,-0.000324477374886783,0.00167433345061733,0.00199881082550411,0,9,0,0,0,0,0
"Atopobium",0.00032102056089379,34,0.000830216775793415,0,8,0,0,0,0,0,0.000458547322083639,8,0.00129696768376109,0.000458547322083639,-0.000440188914407581,0.00135728355857486,0.00179747247298244,0.00010183299389002,9,0.000305498981670061,0.00010183299389002,-9.77560065723069e-05,0.000301421994352348,0.000399178000924655,0.000703313727634395,9,0.00096828453456133,0.000322761511520443,7.07127894586164e-05,0.00133591466581017,0.00126520187635156
"Bacillus",0.000534369750365196,34,0.0024258779121336,0,8,0,0,0,0,0,0.00168653906495136,8,0.00477025283825252,0.00168653906495136,-0.00161901676087317,0.0049920948907759,0.00661111165164907,0.000519584332533973,9,0.00155875299760192,0.000519584332533973,-0.000498782246163897,0.00153795091123184,0.00203673315739574,0,9,0,0,0,0,0
"Bacteroides",0.174334092793428,34,0.26926713085754,0.562393373144834,8,0.0728817263905393,0.0257675814776665,0.511889841479906,0.612896904809762,0.101007063329855,0.00749992583484423,8,0.00817632988322963,0.00289076915282494,0.00183412240768798,0.0131657292620005,0.0113316068543125,0.149719675437693,9,0.286308110267213,0.0954360367557375,-0.0373315194307928,0.33677087030618,0.374102389736973,0.00230396491109886,9,0.0021757339045435,0.000725244634847832,0.000882511546816209,0.00372541827538152,0.00284290672856531
"Balneimonas",4.22582826233942e-05,34,0.000246406013135789,0,8,0,0,0,0,0,0,8,0,0,0,0,0,0.000159642401021711,9,0.000478927203065134,0.000159642401021711,-0.000153250955386343,0.000472535757429766,0.000625786712816109,0,9,0,0,0,0,0
"Bergeyella",0.000193802026615478,34,0.00113005029431838,0,8,0,0,0,0,0,0.000823658613115783,8,0.00232965836286751,0.000823658613115783,-0.000790682604147361,0.00243799983037893,0.00322868243452629,0,9,0,0,0,0,0,0,9,0,0,0,0,0
"Bilophila",0.000647932081505172,34,0.00185507236731896,0.00185299076993581,8,0.00263071925290274,0.000930099711562769,3.00288332416947e-05,0.00367595270662993,0.00364592387338824,0,8,0,0,0,0,0,0.000800640512409928,9,0.00240192153722978,0.000800640512409928,-0.000768586056477225,0.00236986708129708,0.00313845313777431,0,9,0,0,0,0,0
"Blastococcus",0.00027282539721019,34,0.000995201921622526,0,8,0,0,0,0,0,0.000979910236993883,8,0.00190745523354066,0.000674387265223187,-0.000341864514476024,0.00230168498846379,0.00264354950293981,0.000159642401021711,9,0.000478927203065134,0.000159642401021711,-0.000153250955386343,0.000472535757429766,0.000625786712816109,0,9,0,0,0,0,0
"Blastomonas",0.000146759314723853,34,0.000855746504275248,0,8,0,0,0,0,0,0,8,0,0,0,0,0,0.000554424077845667,9,0.001663272233537,0.000554424077845666,-0.000532227146893671,0.001641075302585,0.00217330244947867,0,9,0,0,0,0,0
"Blautia",0.00450482674592327,34,0.00747759001608857,0.0130272547125996,8,0.00973875984628189,0.00344317156382659,0.00627876245490707,0.0197757469702922,0.0134969845153852,0.00160367248217539,8,0.00253475091337691,0.000896169779733804,-0.000152788010136061,0.00336013297448684,0.0035129209846229,0.0040129657559101,9,0.00615516525752844,0.00205172175250948,-8.33498530588509e-06,0.00803426649712608,0.00804260148243197,0,9,0,0,0,0,0
"Bradyrhizobium",2.71660388293248e-05,34,0.000158403865587293,0,8,0,0,0,0,0,0,8,0,0,0,0,0,0.000102627257799672,9,0.000307881773399015,0.000102627257799672,-9.8518471319792e-05,0.000303772986919135,0.000402291458238927,0,9,0,0,0,0,0
"Brevibacterium",7.0459516461722e-05,34,0.000305449768832126,0,8,0,0,0,0,0,9.53713123092574e-05,8,0.000269750806658144,9.53713123092574e-05,-9.15530249752086e-05,0.000282295649593723,0.000373848674568932,0.00018140589569161,9,0.00054421768707483,0.00018140589569161,-0.000174143126447175,0.000536954917830395,0.000711098044277571,0,9,0,0,0,0,0
"Brevundimonas",0.00124199715241049,34,0.00329737611164045,0,8,0,0,0,0,0,0.0022142124000644,8,0.00261994673749243,0.000926291052214236,0.000398715298522789,0.00402970950160601,0.00363099420308322,0.00272380044238238,9,0.00567013162762167,0.00189004387587389,-0.000980617483530931,0.0064282183682957,0.00740883585182663,0,9,0,0,0,0,0
"Bulleidia",0.000376441337374317,34,0.000877380655079703,0,8,0,0,0,0,0,0.000416235209968828,8,0.0010269673233577,0.000363087779201613,-0.000295403760492965,0.00112787418043062,0.00142327794092359,5.65738854944558e-05,9,0.000169721656483367,5.65738854944558e-05,-5.43088925401705e-05,0.000167456663529082,0.000221765556069253,0.000995550980169562,9,0.00123861705439023,0.000412872351463409,0.000186336041088918,0.00180476591925021,0.00161842987816129
"Butyricimonas",0.000191868064934246,34,0.000639969319937059,0.000815439275970546,8,0.00116174920150946,0.000410740369212696,1.0402945316977e-05,0.00162047560662412,0.00161007266130714,0,8,0,0,0,0,0,0,9,0,0,0,0,0,0,9,0,0,0,0,0
"Butyrivibrio",3.86150083665851e-05,34,0.000225162256204607,0,8,0,0,0,0,0,0,8,0,0,0,0,0,0,9,0,0,0,0,0,0.000145878920495988,9,0.000437636761487965,0.000145878920495988,-0.000140038509779731,0.000431796350771707,0.000571834860551438
"Caldilinea",1.20737950352555e-05,34,7.04017180387967e-05,0,8,0,0,0,0,0,0,8,0,0,0,0,0,4.56121145776318e-05,9,0.000136836343732895,4.56121145776318e-05,-4.37859872532409e-05,0.000135010216408505,0.000178796203661745,0,9,0,0,0,0,0
"Campylobacter",0.00351457626123815,34,0.00511766125661859,0,8,0,0,0,0,0,0.00408067283347819,8,0.00547356418520303,0.00193519717630844,0.000287756064930032,0.00787358960202634,0.00758583353709631,0.000766876156922291,9,0.00129571081451277,0.000431903604837591,-7.96393533524063e-05,0.00161339166719699,0.00169303102054939,0.00888314720021901,9,0.00515279565963201,0.00171759855321067,0.00551671589602799,0.01224957850441,0.00673286260838203
"Candidatus Nitrososphaera",3.82539520397591e-05,34,0.000160901631523915,0,8,0,0,0,0,0,0,8,0,0,0,0,0,0.000144514929927979,9,0.000299195040051333,9.97316800171111e-05,-5.09555710232318e-05,0.000339985430879189,0.000390941001902421,0,9,0,0,0,0,0
"Capnocytophaga",0.00148426303737139,34,0.00358301636081164,0,8,0,0,0,0,0,0.00390673023936759,8,0.0062738525058229,0.00221814182551579,-0.000440747851245292,0.00825420832998047,0.00869495618122576,0.00174261359846497,9,0.00293820984910449,0.00097940328303483,-0.000176981562623589,0.00366220875955352,0.00383919032217711,0.000391953218833546,9,0.000627591382633953,0.000209197127544651,-1.80656168232024e-05,0.000801972054490294,0.000820037671313496
"Cardiobacterium",0.000385994999890747,34,0.0016016999243469,0,8,0,0,0,0,0,0.00110051357300073,8,0.00311272244102662,0.00110051357300073,-0.0010564533945782,0.00325748054057966,0.00431393393515786,0.000479969045808838,9,0.00112581523834672,0.000375271746115572,-0.000255550060993142,0.00121548815261082,0.00147103821360396,0,9,0,0,0,0,0
"Catenibacterium",0.000251448230580249,34,0.00062838918580408,0,8,0,0,0,0,0,0.000472823115916008,8,0.000875510481232248,0.00030953969913961,-0.000133863546182991,0.00107950977801501,0.001213373324198,0.000529628323600043,9,0.000829293369445828,0.000276431123148609,-1.2166721977188e-05,0.00107142336917727,0.00108359009115446,0,9,0,0,0,0,0
"Catonella",2.14527824258806e-05,34,0.000125090142335893,0,8,0,0,0,0,0,0,8,0,0,0,0,0,0,9,0,0,0,0,0,8.10438447199935e-05,9,0.000243131534159981,8.10438447199935e-05,-7.77991720998504e-05,0.000239886861539837,0.000317686033639688
"Caulobacter",0.000295377316125856,34,0.00131615876533312,0,8,0,0,0,0,0,0.000352360817477097,8,0.000996626893849961,0.000352360817477097,-0.000338253694341104,0.0010429753292953,0.0013812290236364,0.000802660245384704,9,0.00240798073615411,0.000802660245384704,-0.000770524927391397,0.0023758454181608,0.0031463703455522,0,9,0,0,0,0,0
"Cellvibrio",3.69146717362816e-05,34,0.000215247675108263,0,8,0,0,0,0,0,0.000156887354879197,8,0.000443744450070002,0.000156887354879197,-0.000150606210313783,0.000464380920072176,0.00061498713038596,0,9,0,0,0,0,0,0,9,0,0,0,0,0
"Chloroidium",2.76860038022112e-05,34,0.000161435756331198,0,8,0,0,0,0,0,0.000117665516159398,8,0.000332808337552501,0.000117665516159398,-0.000112954657735337,0.000348285690054132,0.00046124034778947,0,9,0,0,0,0,0,0,9,0,0,0,0,0
"Chryseobacterium",0.0017765245393962,34,0.00580151704667902,0,8,0,0,0,0,0,0.00359189119312879,8,0.00623525851224182,0.00220449678822867,-0.000728843115833618,0.0079126255020912,0.00864146861792482,0.00351852275493783,9,0.00956048848911379,0.00318682949637126,-0.00272754828281976,0.00976459379269542,0.0124921420755152,0,9,0,0,0,0,0
"Cloacibacterium",7.35202634373861e-05,34,0.000325815314898039,0,8,0,0,0,0,0,0.000222533062054934,8,0.000629418548869002,0.000222533062054934,-0.000213623724942153,0.000658689849052021,0.000872313573994174,7.99360511590727e-05,9,0.000239808153477218,7.99360511590727e-05,-7.67357301790611e-05,0.000236607832497207,0.000313343562676268,0,9,0,0,0,0,0
"Clostridium",0.00193825233821615,68,0.00373482956782247,0.00402458648932497,16,0.00461487143407228,0.00115371785851807,0.00176334103830887,0.00628583194034106,0.00452249090203219,0.00120588327006914,16,0.00221311697251059,0.000553279243127648,0.000121475880145367,0.00229029065999291,0.00216881477984754,0.00267298015824402,18,0.0047656230938632,0.00112326813541663,0.000471415067845968,0.00487454524864207,0.0044031301807961,0,18,0,0,0,0,0
"Conchiformibius",0.000935337531909088,34,0.00409053856085815,0,8,0,0,0,0,0,0.00365447432998965,8,0.00818093271434384,0.0028923964993717,-0.00201451863778861,0.00932346729776791,0.0113379859355565,0.000285075716110199,9,0.000855227148330597,0.000285075716110199,-0.000273662420332756,0.000843813852553153,0.00111747627288591,0,9,0,0,0,0,0
"Coprococcus",0.00267299359613618,34,0.0061722578790465,0.010245395581795,8,0.00910912382943693,0.00322056161523141,0.00393321080594932,0.0165575803576407,0.0126243695516914,0,8,0,0,0,0,0,0.000990957512696643,9,0.00297287253808993,0.000990957512696643,-0.00095128352239817,0.00293319854779146,0.00388448207018963,0,9,0,0,0,0,0
"Corynebacterium",0.0618621964661916,34,0.103144518698186,0.000122155521429569,8,0.000345507990248906,0.000122155521429569,-0.000117264901085097,0.000361575943944234,0.00047884084502933,0.127328579304955,8,0.116589206444541,0.0412205092450465,0.0465378657602633,0.208119292849646,0.161581427089383,0.120254260743776,9,0.125594186406705,0.041864728802235,0.0382009000688591,0.202307621418694,0.164106721349835,0.000157828282828283,9,0.000473484848484848,0.000157828282828283,-0.000151509467256953,0.000467166032913519,0.000618675500170472
"Cucurbita",0.000843022980793947,34,0.00286850228655538,0,8,0,0,0,0,0,0.00254334662887324,8,0.0049970358299894,0.00176671896060883,-0.0009193589047241,0.00600605216247057,0.00692541106719467,0.000924000924000924,9,0.00277200277200277,0.000924000924000924,-0.000887007608722619,0.00273500945672447,0.00362201706544709,0,9,0,0,0,0,0
"DA101",1.05797714769361e-05,34,6.16901385404708e-05,0,8,0,0,0,0,0,0,8,0,0,0,0,0,3.99680255795364e-05,9,0.000119904076738609,3.99680255795364e-05,-3.83678650895305e-05,0.000118303916248603,0.000156671781338134,0,9,0,0,0,0,0
"Deinococcus",0.000305479902667665,34,0.00102844496529974,0,8,0,0,0,0,0,0.000358450591194864,8,0.000669359149191832,0.000236654196721401,-0.000105383111169339,0.000822284293559066,0.000927667404728406,0.000835412440126855,9,0.00185847611432976,0.000619492038109921,-0.000378769643277904,0.00204959452353161,0.00242836416680952,0,9,0,0,0,0,0
"Dermabacter",2.8492160309127e-05,34,0.000115688462698137,0,8,0,0,0,0,0,6.11396429444852e-05,8,0.000172929024501479,6.11396429444852e-05,-5.86918552543442e-05,0.000180971141143315,0.000239662996397659,5.32907007727152e-05,9,0.000159872102318145,5.32907007727152e-05,-5.11571534527074e-05,0.000157738554998138,0.000208895708450845,0,9,0,0,0,0,0
"Desulfomicrobium",2.76860038022112e-05,34,0.000161435756331198,0,8,0,0,0,0,0,0.000117665516159398,8,0.000332808337552501,0.000117665516159398,-0.000112954657735337,0.000348285690054132,0.00046124034778947,0,9,0,0,0,0,0,0,9,0,0,0,0,0
"Desulfovibrio",0.00205782141859869,34,0.00422855553465011,0.00533665924856991,8,0.00271496724729341,0.000959885875630271,0.00345531750306588,0.00721800099407393,0.00376268349100805,0,8,0,0,0,0,0,0.00303029491597737,9,0.00681871430005369,0.00227290476668456,-0.00142451656701379,0.00748510639896854,0.00890962296598232,0,9,0,0,0,0,0
"Devosia",6.70582870631153e-05,34,0.000391013646015752,0,8,0,0,0,0,0,0.00028499772001824,8,0.00080609528179041,0.00028499772001824,-0.00027358754689354,0.00084358298693002,0.00111717053382356,0,9,0,0,0,0,0,0,9,0,0,0,0,0
"Dialister",0.000494174907074997,34,0.00153687547959819,0.000320493380902359,8,0.000608734915411484,0.00021522029331624,-0.000101330642739617,0.000742317404544336,0.000843648047283953,0.00100880410858401,8,0.0028533289042744,0.00100880410858401,-0.000968415611696679,0.00298602382886469,0.00395443944056137,0.000685285213850998,9,0.00129781459994924,0.000432604866649748,-0.00016260474431926,0.00153317517202126,0.00169577991634052,0,9,0,0,0,0,0
"Dorea",0.000723259222000217,34,0.00132452029164836,0.00223493131618656,8,0.00124651767079179,0.000440710548942869,0.00137115451265166,0.00309870811972146,0.0017275536070698,0.000554148195060165,8,0.00156736778603731,0.000554148195060165,-0.000531962309355635,0.00164025869947596,0.0021722210088316,0.000253130828670397,9,0.000759392486011191,0.000253130828670397,-0.00024299647890036,0.000749258136241154,0.000992254615141514,0,9,0,0,0,0,0
"Dyadobacter",5.82152769777419e-05,34,0.000239242806285293,0,8,0,0,0,0,0,0.00014249886000912,8,0.000403047640895205,0.00014249886000912,-0.00013679377344677,0.00042179149346501,0.00055858526691178,9.32587263522515e-05,9,0.000279776179056755,9.32587263522515e-05,-8.95250185422379e-05,0.000276042471246741,0.000365567489788979,0,9,0,0,0,0,0
"Enhydrobacter",0.00227366025553365,34,0.00555949519201277,0,8,0,0,0,0,0,0.00461858403181635,8,0.00720334851209229,0.00254676829007524,-0.00037299009369978,0.00961015815733248,0.00998314825103227,0.00448397515929037,9,0.0077532667420593,0.0025844222473531,-0.000581399366365773,0.00954934968494651,0.0101307490513123,0,9,0,0,0,0,0
"Enterococcus",0.000755941238318854,34,0.00327947287147476,0,8,0,0,0,0,0,0.00101976780671478,8,0.00288433892545501,0.00101976780671478,-0.00097894036703959,0.00301847598046915,0.00399741634750874,0.00194931773879142,9,0.00584795321637427,0.00194931773879142,-0.00187127482366482,0.00576991030124767,0.00764118512491249,0,9,0,0,0,0,0
"Epulopiscium",1.05797714769361e-05,34,6.16901385404708e-05,0,8,0,0,0,0,0,0,8,0,0,0,0,0,3.99680255795364e-05,9,0.000119904076738609,3.99680255795364e-05,-3.83678650895305e-05,0.000118303916248603,0.000156671781338134,0,9,0,0,0,0,0
"Erythromicrobium",0.000272553013058584,34,0.00158924350793975,0,8,0,0,0,0,0,0,8,0,0,0,0,0,0.00102964471599909,9,0.00308893414799728,0.00102964471599909,-0.000988421844231103,0.00304771127622929,0.0040361331204604,0,9,0,0,0,0,0
"Facklamia",8.5306689094991e-05,34,0.000355761275607939,0,8,0,0,0,0,0,0.000222533062054934,8,0.000629418548869002,0.000222533062054934,-0.000213623724942153,0.000658689849052021,0.000872313573994174,0.000124462548087803,9,0.000373387644263408,0.000124462548087803,-0.000119479563588375,0.00036840465976398,0.000487884223352356,0,9,0,0,0,0,0
"Faecalibacterium",0.0243995649893825,34,0.0418648819516872,0.0770445916874036,8,0.0352816173927028,0.0124739354548047,0.0525961274505092,0.101493055924298,0.0488969284737888,0.00310523300842337,8,0.00339551905310841,0.00120049727405054,0.000752301587745802,0.00545816442910095,0.00470586284135515,0.0209318457858209,9,0.0471406761741304,0.0157135587247101,-0.00986616338356611,0.0517298549552079,0.061596018338774,0,9,0,0,0,0,0
"Filifactor",3.72536601721119e-05,34,0.000217224300370499,0,8,0,0,0,0,0,0.000158328055731476,8,0.000447819367439232,0.000158328055731476,-0.000151989231244467,0.000468645342707418,0.000620634573951885,0,9,0,0,0,0,0,0,9,0,0,0,0,0
"Finegoldia",0.00555710361635162,34,0.00971118555854206,0.000191958676532179,8,0.000542941127533996,0.000191958676532179,-0.000184273415990866,0.000568190769055225,0.000752464185046091,0.0119339808081589,8,0.00969928732377664,0.00342921591965959,0.00521284111041472,0.0186551205059031,0.0134422793954884,0.0102148896753807,9,0.0133358366727687,0.00444527889092291,0.00150230314793564,0.0189274762028258,0.0174251730548901,0,9,0,0,0,0,0
"Flavisolibacter",0.000479392955565741,34,0.00157508814331471,0,8,0,0,0,0,0,0.00153469416305514,8,0.0029843628208,0.00105513159405435,-0.000533325760241711,0.003602714086352,0.00413603984659371,0.000446867464977115,9,0.000915090982859214,0.000305030327619738,-0.000150980991350024,0.00104471592130425,0.00119569691265428,0,9,0,0,0,0,0
"Flavobacterium",0.0018635090791449,34,0.0046917183891593,0,8,0,0,0,0,0,0.00504964436425814,8,0.00807331388519777,0.00285434749743543,-0.000544773930077334,0.0106440626585936,0.0111888365886709,0.00255135041965127,9,0.00396310182618401,0.00132103394206134,-3.7828529143919e-05,0.00514052936844647,0.00517835789759039,0,9,0,0,0,0,0
"Flectobacillus",0.00183695690378163,34,0.00952287894123451,0,8,0,0,0,0,0,0.000856965008078033,8,0.00119622197120679,0.00042292833382233,2.80407057447337e-05,0.00168588931041133,0.0016578486046666,0.00617786829599457,9,0.0185336048879837,0.00617786829599457,-0.00593053106538662,0.0182862676573758,0.0242167987227624,0,9,0,0,0,0,0
"Frigoribacterium",2.71660388293248e-05,34,0.000158403865587293,0,8,0,0,0,0,0,0,8,0,0,0,0,0,0.000102627257799672,9,0.000307881773399015,0.000102627257799672,-9.8518471319792e-05,0.000303772986919135,0.000402291458238927,0,9,0,0,0,0,0
"Fusibacter",6.03689751762774e-06,34,3.52008590193984e-05,0,8,0,0,0,0,0,0,8,0,0,0,0,0,2.28060572888159e-05,9,6.84181718664477e-05,2.28060572888159e-05,-2.18929936266204e-05,6.75051082042523e-05,8.93981018308727e-05,0,9,0,0,0,0,0
"Fusobacterium",0.039794336039251,34,0.0517717416305669,0.000551392041996654,8,0.0013952231248812,0.00049328586643589,-0.000415430490300326,0.00151821457429363,0.00193364506459396,0.0423795099507102,8,0.0499795183299343,0.0176704281657669,0.00774610715440485,0.0770129127470156,0.0692668055926107,0.0143203616785474,9,0.013822784888638,0.00460759496287933,0.0052896414959557,0.023351081861139,0.0180614403651833,0.0978529949206614,9,0.0510776050386508,0.0170258683462169,0.0644829061565557,0.131223083684767,0.0667401775282114
"Gaiella",0.000100822060644259,34,0.000426235098342507,0,8,0,0,0,0,0,0.000274552871038594,8,0.000776552787622503,0.000274552871038594,-0.00026356086804912,0.000812666610126309,0.00107622747817543,0.000136836343732895,9,0.000410509031198686,0.000136836343732895,-0.000131357961759723,0.000405030649225514,0.000536388610985236,0,9,0,0,0,0,0
"Gallicola",7.99957335608768e-05,34,0.000466451274186334,0,8,0,0,0,0,0,0,8,0,0,0,0,0,0.000302206104563312,9,0.000906618313689937,0.000302206104563312,-0.000290106976288925,0.00089451918541555,0.00118462616170447,0,9,0,0,0,0,0
"Gemmiger",0.00081440722642414,34,0.00276313561968725,0.0034612307123026,8,0.00505204590844083,0.00178616796036213,-3.95941603465511e-05,0.00696205558495174,0.00700164974529829,0,8,0,0,0,0,0,0,9,0,0,0,0,0,0,9,0,0,0,0,0
"Granulicatella",0.000887232493886393,34,0.00317142802490107,0,8,0,0,0,0,0,0.000474083438685209,8,0.00134091045737019,0.000474083438685209,-0.000455103026804703,0.00140326990417512,0.00185837293097982,0.00293035969807285,9,0.00577721073622475,0.00192573691207492,-0.000844015293293358,0.00670473468943907,0.00754874998273242,0,9,0,0,0,0,0
"Haemophilus",0.0672390708405759,34,0.0902939758068818,0.000165535073194126,8,0.000307619044412666,0.000108759756163161,-4.76301318530276e-05,0.00037870027824128,0.000426330410094307,0.0471969387587767,8,0.0763557163816666,0.0269958224179166,-0.0057139009133788,0.100107778430932,0.105821679344311,0.0232430558442619,9,0.0256488258216996,0.0085496086072332,0.00648613089217123,0.0399999807963527,0.0335138499041814,0.188671235036162,9,0.0648430712441239,0.0216143570813746,0.146307873607679,0.231034596464644,0.0847267228569651
"Helcococcus",5.75180007500159e-05,34,0.000244476972967992,0,8,0,0,0,0,0,0.000244451503187568,8,0.00047910739549809,0.000169390044136662,-8.75468826599405e-05,0.000576449889035076,0.000663996771695016,0,9,0,0,0,0,0,0,9,0,0,0,0,0
"Helicobacter",1.05797714769361e-05,34,6.16901385404708e-05,0,8,0,0,0,0,0,0,8,0,0,0,0,0,3.99680255795364e-05,9,0.000119904076738609,3.99680255795364e-05,-3.83678650895305e-05,0.000118303916248603,0.000156671781338134,0,9,0,0,0,0,0
"Holdemania",7.14355910132131e-05,34,0.000199861025468171,0.000303601261806156,8,0.000328259446329696,0.000116057240244135,7.61332507825389e-05,0.000531069272829773,0.000454936022047234,0,8,0,0,0,0,0,0,9,0,0,0,0,0,0,9,0,0,0,0,0
"Hydrogenophaga",6.97374385438823e-05,34,0.000406635649419108,0,8,0,0,0,0,0,0.0002963841138115,8,0.000838300866848308,0.0002963841138115,-0.00028451807484886,0.000877286302471859,0.00116180437732072,0,9,0,0,0,0,0,0,9,0,0,0,0,0
"Hymenobacter",0.000118766593177419,34,0.000485780032214929,0,8,0,0,0,0,0,0.000222533062054934,8,0.000629418548869002,0.000222533062054934,-0.000213623724942153,0.000658689849052021,0.000872313573994174,0.000250866630176975,9,0.000752599890530925,0.000250866630176975,-0.000240822929892825,0.000742556190246775,0.0009833791201396,0,9,0,0,0,0,0
"Janthinobacterium",0.00235350999819208,34,0.00786608373396723,0,8,0,0,0,0,0,0.00343742516340498,8,0.00696205428667114,0.00246145789854702,-0.00138694366720882,0.00826179399401878,0.0096487376612276,0.00583554873681009,9,0.0136469279556508,0.00454897598521693,-0.00308028036075271,0.0147513778343729,0.0178316581951256,0,9,0,0,0,0,0
"Johnsonella",2.39607044447107e-05,34,0.000139713714983714,0,8,0,0,0,0,0,0,8,0,0,0,0,0,9.05182167911292e-05,9,0.000271554650373388,9.05182167911292e-05,-8.68942280642728e-05,0.000267930661646531,0.000354824889710804,0,9,0,0,0,0,0
"Kaistobacter",4.31573950196366e-05,34,0.000251648694266337,0,8,0,0,0,0,0,0.000183418928833456,8,0.000518787073504437,0.000183418928833456,-0.000176075565763033,0.000542913423429944,0.000718988989192976,0,9,0,0,0,0,0,0,9,0,0,0,0,0
"Kineococcus",2.4147590070511e-05,34,0.000140803436077593,0,8,0,0,0,0,0,0,8,0,0,0,0,0,9.12242291552636e-05,9,0.000273672687465791,9.12242291552636e-05,-8.75719745064818e-05,0.000270020432817009,0.000357592407323491,0,9,0,0,0,0,0
"Kingella",0.00099344779450159,34,0.00297140313899347,0,8,0,0,0,0,0,0.00200766411792934,8,0.00381872430671619,0.00135012292638046,-0.000638528192478181,0.00465385642833686,0.00529238462081504,0.00196843467440215,9,0.00441196942085771,0.00147065647361924,-0.000913999047522234,0.00485086839632654,0.00576486744384877,0,9,0,0,0,0,0
"Lachnoanaerobaculum",0.000307697800294282,34,0.00109919816963847,0,8,0,0,0,0,0,0.000847674803341118,8,0.00205402857303184,0.000726208766370872,-0.000575668224003053,0.00227101783068529,0.00284668605468834,0.000124462548087803,9,0.000373387644263408,0.000124462548087803,-0.000119479563588375,0.00036840465976398,0.000487884223352356,0.000284462650054048,9,0.000853387950162144,0.000284462650054048,-0.000273073898998707,0.000841999199106803,0.00111507309810551
"Lachnospira",0.0129556813131922,34,0.0272232857994487,0.0522377505680921,8,0.033557024576212,0.0118641998171416,0.0289843462211079,0.0754911549150762,0.0465068086939683,0.000176180408738548,8,0.000498313446924981,0.000176180408738548,-0.000169126847170552,0.000521487664647649,0.000690614511818201,0.00235352409265453,9,0.00706057227796358,0.00235352409265453,-0.00225929836569566,0.00696634655100471,0.00922564491670036,0,9,0,0,0,0,0
"Lactobacillus",0.00307887489987154,34,0.00620797079326732,0,8,0,0,0,0,0,0.00595754404170202,8,0.00634871902495197,0.00224461113719579,0.00155818705350077,0.0103569010299033,0.00879871397640248,0.00633571047355735,9,0.00912915947364697,0.00304305315788232,0.000371435881067123,0.0122999850660476,0.0119285491849805,0,9,0,0,0,0,0
"Lactococcus",0.00498108688525885,34,0.0110756691553954,0,8,0,0,0,0,0,0.0119666214834704,8,0.0171348549655864,0.00605808607040706,9.299097022877e-05,0.023840251996712,0.0237472610264833,0.0081804424701153,9,0.0116651547898473,0.00388838492994909,0.000559348049386787,0.0158015368908438,0.015242188841457,0,9,0,0,0,0,0
"Lautropia",0.00298185351446616,34,0.00796055953460003,0,8,0,0,0,0,0,0.00787829247789993,8,0.0144306415998307,0.00510200226605647,-0.0021214482126125,0.0178780331684124,0.0199994813810249,0.00344876061051092,9,0.00625490616322397,0.00208496872107466,-0.000637702991687944,0.00753522421270979,0.00817292720439773,0.000813092686005752,9,0.00128966025188285,0.000429886750627618,-2.94698626553312e-05,0.00165565523466683,0.00168512509732217
"Leadbetterella",1.76329524615602e-05,34,0.000102816897567451,0,8,0,0,0,0,0,0,8,0,0,0,0,0,6.66133759658939e-05,9,0.000199840127897682,6.66133759658939e-05,-6.39464418158842e-05,0.000197173193747672,0.000261119635563556,0,9,0,0,0,0,0
"Leptotrichia",0.00349127522381225,34,0.00579475089281104,0,8,0,0,0,0,0,0.00521186556535469,8,0.00985072452221341,0.00348275705462886,-0.00161421282862067,0.01203794395933,0.0136521567879507,0.00173274835315515,9,0.00322446553347377,0.00107482184449126,-0.000373863751844626,0.00383936045815492,0.00421322420999955,0.00682374421204254,9,0.00347673238500285,0.00115891079500095,0.004552320792546,0.00909516763153908,0.00454284683899308
"Luteolibacter",2.24403087786488e-05,34,0.000130848360993776,0,8,0,0,0,0,0,9.53713123092574e-05,8,0.000269750806658144,9.53713123092574e-05,-9.15530249752086e-05,0.000282295649593723,0.000373848674568932,0,9,0,0,0,0,0,0,9,0,0,0,0,0
"Marmoricola",0.000149014640688448,34,0.000868897201481995,0,8,0,0,0,0,0,0.000633312222925902,8,0.00179127746975693,0.000633312222925902,-0.000607956924977868,0.00187458137082967,0.00248253829580754,0,9,0,0,0,0,0,0,9,0,0,0,0,0
"Megamonas",0.00123943188585781,34,0.00367326346378605,0,8,0,0,0,0,0,0.00164418776279228,8,0.00231279896898441,0.000817697917245067,4.1529294758537e-05,0.00324684623082603,0.00320531693606749,0.0032207980018697,9,0.00656756306244153,0.00218918768748051,-0.00106993102099063,0.00751152702473002,0.00858145804572065,0,9,0,0,0,0,0
"Megasphaera",0.000115676028657096,34,0.000591014543978564,0,8,0,0,0,0,0,0.000427977500611396,8,0.00121050317151035,0.000427977500611396,-0.000410842986780409,0.0012667979880032,0.00167764097478361,5.65738854944558e-05,9,0.000169721656483367,5.65738854944558e-05,-5.43088925401705e-05,0.000167456663529082,0.000221765556069253,0,9,0,0,0,0,0
"Methylibium",0.000288891549749789,34,0.000957701562043864,0.00122778908643661,8,0.00173391382688542,0.000613031112491901,2.62701845499579e-05,0.00242930798832325,0.00240303780377329,0,8,0,0,0,0,0,0,9,0,0,0,0,0,0,9,0,0,0,0,0
"Methylobacterium",0.000461741480191268,34,0.00113506778939998,0,8,0,0,0,0,0,0.0015324558383079,8,0.00186095065615783,0.000657945414211377,0.00024290652266031,0.00282200515395548,0.00257909863129517,0.000382173735559992,9,0.000823228431902086,0.000274409477300695,-0.000155658956965832,0.000920006428085816,0.00107566538505165,0,9,0,0,0,0,0
"Methylotenera",0.000119742584521507,34,0.000486173370635555,0,8,0,0,0,0,0,0.000254323499491353,8,0.000719335484421717,0.000254323499491353,-0.00024414139993389,0.000752788398916596,0.000996929798850485,0.000226295541977823,9,0.000678886625933469,0.000226295541977823,-0.000217235570160682,0.000669826654116328,0.00088706222427701,0,9,0,0,0,0,0
"Micrococcus",0.000319958648170691,34,0.00124750679790477,0,8,0,0,0,0,0,0.00121871177525089,8,0.00244017663971293,0.000862732724617009,-0.000472213293282562,0.00290963684378434,0.0033818501370669,0.000125433315088487,9,0.000376299945265462,0.000125433315088487,-0.000120411464946412,0.000371278095123387,0.0004916895600698,0,9,0,0,0,0,0
"Mogibacterium",0.000332708851981921,34,0.000817378940326466,3.49015775513053e-05,8,9.87165686425447e-05,3.49015775513053e-05,-3.35042574528847e-05,0.000103307412555495,0.00013681167000838,0.000305698214722426,8,0.000864645122507395,0.000305698214722426,-0.000293459276271721,0.000904855705716573,0.00119831498198829,0.000203930742416591,9,0.000506673236922007,0.000168891078974002,-0.000127089689682563,0.000534951174515745,0.000662040864198309,0.000750213994160684,9,0.00123788835725224,0.000412629452417414,-5.85248715379316e-05,0.0015589528598593,0.00161747773139723
"Moraxella",0.00273392987765177,34,0.00871916207248684,0,8,0,0,0,0,0,0.00541723586134224,8,0.0116422404695746,0.00411615359212034,-0.0026502769340488,0.0134847486567333,0.0161350255907821,0.00551285877215803,9,0.0127760774646109,0.00425869248820362,-0.00283402512595234,0.0138597426702684,0.0166937677962207,0,9,0,0,0,0,0
"Moryella",0.000710778602178195,34,0.00167005772810396,0,8,0,0,0,0,0,0.000312783454909531,8,0.000629357170140256,0.000222511361397275,-0.000123330799580104,0.000748897709399167,0.000872228508979271,0,9,0,0,0,0,0,0.00240713387053137,9,0.00258633747169083,0.00086211249056361,0.000717424438404572,0.00409684330265818,0.00337941886425361
"Mycobacterium",4.52767313822081e-05,34,0.000264006442645488,0,8,0,0,0,0,0,0,8,0,0,0,0,0,0.000171045429666119,9,0.000513136288998358,0.000171045429666119,-0.000164197452199653,0.000506288311531892,0.000670485763731545,0,9,0,0,0,0,0
"Mycoplana",3.92398338645803e-05,34,0.000228805583626089,0,8,0,0,0,0,0,0,8,0,0,0,0,0,0.000148239372377303,9,0.00044471811713191,0.000148239372377303,-0.000142304458573033,0.00043878320332764,0.000581087661900673,0,9,0,0,0,0,0
"Mycoplasma",0.000255570250565857,34,0.000780570653329476,0,8,0,0,0,0,0,0.000868090642080589,8,0.00137606249646855,0.000486511561294702,-8.54544961193782e-05,0.00182163578028056,0.00190709027639993,0.000193851486954935,9,0.000581554460864806,0.000193851486954935,-0.000186090445826274,0.000573793419736144,0.000759883865562418,0,9,0,0,0,0,0
"Neisseria",0.076899571757121,34,0.121003641762363,8.03341902313625e-05,8,0.000227219402694906,8.03341902313625e-05,-7.71179293492973e-05,0.000237786309812022,0.00031490423916132,0.0534023416423639,8,0.0753978664520966,0.0266571713276376,0.00115524591048049,0.105649437374247,0.104494191463767,0.0216319579861328,9,0.0187787894182326,0.00625959647274421,0.00936337434180016,0.0339005416304654,0.0245371672886652,0.221337379022906,9,0.147346991177249,0.0491156637257496,0.125072447043657,0.317602311002156,0.192529863958499
"Nocardioides",5.99520383693046e-05,34,0.000349577451729335,0,8,0,0,0,0,0,0,8,0,0,0,0,0,0.000226485478284039,9,0.000679456434852118,0.000226485478284039,-0.000217417902174006,0.000670388858742085,0.000887806760916092,0,9,0,0,0,0,0
"Novosphingobium",7.05318098462407e-05,34,0.000411267590269805,0,8,0,0,0,0,0,0,8,0,0,0,0,0,0.000266453503863576,9,0.000799360511590727,0.000266453503863576,-0.000255785767263537,0.000788692774990688,0.00104447854225422,0,9,0,0,0,0,0
"Oceanisphaera",0.000362794269981985,34,0.00156014954899941,0,8,0,0,0,0,0,0.000509883903357389,8,0.00144216946272751,0.000509883903357389,-0.000489470183519795,0.00150923799023457,0.00199870817375437,0.000917325994725376,9,0.00275197798417613,0.000917325994725376,-0.00088059991701874,0.00271525190646949,0.00359585182348823,0,9,0,0,0,0,0
"Ochrobactrum",0.000117719501593741,34,0.000686416750878268,0,8,0,0,0,0,0,0,8,0,0,0,0,0,0.00044471811713191,9,0.00133415435139573,0.00044471811713191,-0.000426913375719099,0.00131634960998292,0.00174326298570202,0,9,0,0,0,0,0
"Odoribacter",0.000325974221454243,34,0.00105717645670244,0.00132543840281123,8,0.00193501617138744,0.000684131528246846,-1.54347532409359e-05,0.00266631155886339,0.00268174631210433,0,8,0,0,0,0,0,5.32907007727152e-05,9,0.000159872102318145,5.32907007727152e-05,-5.11571534527074e-05,0.000157738554998138,0.000208895708450845,0,9,0,0,0,0,0
"Oligella",0.000426332940461446,34,0.0018806225354547,0,8,0,0,0,0,0,0.000451987526426241,8,0.000643225485546839,0.00022741455133109,6.26319625696994e-06,0.000897711856595513,0.000891448660338543,0.00120882441825325,9,0.00362647325475975,0.00120882441825325,-0.0011604279051557,0.0035780767416622,0.0047385046468179,0,9,0,0,0,0,0
"Oribacterium",0.00407521945624879,34,0.00519509082372612,0.00228425201530213,8,0.00271517446624608,0.000959959138593583,0.000402766677028614,0.00416573735357565,0.00376297067654703,0.00224029496054228,8,0.00446529875272399,0.00157872151403748,-0.000853942348589734,0.00533453226967429,0.00618847461826403,0.00233050889682101,9,0.00583810383252496,0.00194603461084165,-0.00148364885309705,0.00614466664673907,0.00762831549983612,0.00904294507047939,9,0.00394800495709329,0.00131600165236443,0.00646362922824991,0.0116222609127089,0.00515863168445896
"Oscillospira",0.00704861612347207,34,0.0128990151872979,0.0230995611212916,8,0.012375305457117,0.00437533120399115,0.0145240695410347,0.0316750527015485,0.0171509831605139,0.000398713470793482,8,0.000744896210798663,0.000263360580967949,-0.000117463782851243,0.000914890724438208,0.00103235450728945,0.00574075016237442,9,0.0138627032233008,0.00462090107443359,-0.00331604951963786,0.0147975498443867,0.0181135993640245,0,9,0,0,0,0,0
"Oxalobacter",1.80396005310858e-05,34,0.000105188042898987,7.66683022571148e-05,8,0.000216850705712263,7.66683022571148e-05,-7.35988089226611e-05,0.000226935413436891,0.000300534222359552,0,8,0,0,0,0,0,0,9,0,0,0,0,0,0,9,0,0,0,0,0
"Paludibacter",0.000523479777231174,34,0.00193447173153694,0,8,0,0,0,0,0,0.00188110269885367,8,0.00372138505142139,0.00131570830263316,-0.000697638188467642,0.00445984358617499,0.00515748177464263,0.000305498981670061,9,0.000916496945010183,0.000305498981670061,-0.000293268019716921,0.000904265983057043,0.00119753400277396,0,9,0,0,0,0,0
"Parabacteroides",0.00485725943551403,34,0.014774919014519,0.0185416712558586,8,0.0266537638609174,0.00942352858509982,7.18946217792213e-05,0.0370114478899379,0.0369395532681587,0,8,0,0,0,0,0,0.00186816119562317,9,0.0056044835868695,0.00186816119562317,-0.00179336746511352,0.00552968985635985,0.00732305732147338,0,9,0,0,0,0,0
"Paracoccus",0.000899859456295813,34,0.00221753123385472,0,8,0,0,0,0,0,0.00273360045419796,8,0.00342736548582267,0.00121175668831497,0.000358600987075099,0.00510859992132083,0.00474999893424573,0.000969601986719327,9,0.00221747361981634,0.000739157873272112,-0.000479120823783233,0.00241832479722189,0.00289744562100512,0,9,0,0,0,0,0
"Paraprevotella",0.00249300193144069,34,0.00723968750356669,0.00822625040483251,8,0.0121912921921793,0.00431027269025829,-0.000221728831620296,0.0166742296412853,0.0168959584729056,0,8,0,0,0,0,0,0.00210578471448037,9,0.0063173541434411,0.00210578471448037,-0.00202147748509611,0.00623304691405684,0.00825452439915296,0,9,0,0,0,0,0
"Parvimonas",0.00145460444721822,34,0.00279055560681643,0,8,0,0,0,0,0,0.00372356471294388,8,0.00446862723675181,0.00157989831085105,0.000627020924440151,0.00682010850144762,0.00619308757700747,0.00118876632931279,9,0.00211122574839503,0.000703741916131676,-0.000190542480716505,0.00256807513934208,0.00275861762005858,0.000996570726450378,9,0.00161641575879992,0.000538805252933307,-5.94681639798987e-05,0.00205260961688066,0.00211207778086055
"Pasteurella",0.000166116022813267,34,0.000968614537987185,0,8,0,0,0,0,0,0.000705993096956385,8,0.00199685002531501,0.000705993096956385,-0.000677727946412024,0.00208971414032479,0.00276744208673682,0,9,0,0,0,0,0,0,9,0,0,0,0,0
"Pedobacter",0.00376469550039546,34,0.0102551231743623,0,8,0,0,0,0,0,0.0101841164672257,8,0.018170086461898,0.00642409567597698,-0.00240687969092866,0.0227751126253801,0.0251819923163087,0.00516963503062665,9,0.00844902828469791,0.00281634276156597,-0.000350295350162721,0.010689565411416,0.0110398607615788,0,9,0,0,0,0,0
"Pelomonas",0.000279402451290839,34,0.00162918225277874,0,8,0,0,0,0,0,0.00118746041798607,8,0.00335864525579424,0.00118746041798607,-0.0011399192343335,0.00351484007030564,0.00465475930463914,0,9,0,0,0,0,0,0,9,0,0,0,0,0
"Peptococcus",0.000109605287681637,34,0.000280532501012217,0,8,0,0,0,0,0,0.000274036381088173,8,0.000396173511032553,0.000140068488088801,-4.92810934854526e-07,0.0005485655731112,0.000549058384046055,5.70151432220398e-05,9,0.000171045429666119,5.70151432220398e-05,-5.47324840665511e-05,0.000168762770510631,0.000223495254577182,0.000113461382607991,9,0.000340384147823973,0.000113461382607991,-0.00010891884093979,0.000335841606155772,0.000444760447095563
"Peptoniphilus",0.00763562376095184,34,0.0137281168176606,0.000139606310205221,8,0.000394866274570179,0.000139606310205221,-0.000134017029811539,0.000413229650221982,0.000547246680033521,0.0171963972993362,8,0.0167003562511598,0.00590446757671311,0.00562385350109405,0.0287689410975784,0.0231450875964844,0.0134359087773368,9,0.0167984773574147,0.00559949245247158,0.00246110523878861,0.0244107123158849,0.0219496070770963,0,9,0,0,0,0,0
"Peptostreptococcus",0.000114473305598335,34,0.000555149189668324,0,8,0,0,0,0,0,0.000397407679139154,8,0.00112403865925961,0.000397407679139154,-0.000381497059153237,0.00117631241743154,0.00155780947658478,7.92034396922381e-05,9,0.000237610319076714,7.92034396922381e-05,-7.60324495562387e-05,0.000234439328940715,0.000310471778496953,0,9,0,0,0,0,0
"Peredibacter",6.03689751762774e-06,34,3.52008590193984e-05,0,8,0,0,0,0,0,0,8,0,0,0,0,0,2.28060572888159e-05,9,6.84181718664477e-05,2.28060572888159e-05,-2.18929936266204e-05,6.75051082042523e-05,8.93981018308727e-05,0,9,0,0,0,0,0
"Perlucidibaca",0.000237488197733725,34,0.00110050942915604,0,8,0,0,0,0,0,0.000235331032318795,8,0.000665616675105002,0.000235331032318795,-0.000225909315470675,0.000696571380108265,0.000922480695578939,0.000687994496044032,9,0.0020639834881321,0.000687994496044032,-0.000660449937764055,0.00203643892985212,0.00269688886761617,0,9,0,0,0,0,0
"Petrobacter",1.76329524615602e-05,34,0.000102816897567451,0,8,0,0,0,0,0,0,8,0,0,0,0,0,6.66133759658939e-05,9,0.000199840127897682,6.66133759658939e-05,-6.39464418158842e-05,0.000197173193747672,0.000261119635563556,0,9,0,0,0,0,0
"Phascolarctobacterium",0.0104860281707486,34,0.0206365291578179,0.0310506903908581,8,0.0229913037168475,0.00812865338325119,0.0151188225168762,0.0469825582648401,0.031863735747964,0.00059847883474144,8,0.00126200847754355,0.000446187376192978,-0.000276032352953221,0.0014729900224361,0.00174902237538932,0.0114812893334061,9,0.0254419987336252,0.00848066624454175,-0.00514051107080026,0.0281030897376125,0.0332436008084127,0,9,0,0,0,0,0
"Planctomyces",1.61085272610657e-05,34,6.59376791964311e-05,0,8,0,0,0,0,0,0,8,0,0,0,0,0,6.08544363195814e-05,9,0.000121947619435308,4.0649206478436e-05,-1.88165443782852e-05,0.000140525417017448,0.000159341961395733,0,9,0,0,0,0,0
"Polaromonas",6.64058726939051e-05,34,0.000387209449213382,0,8,0,0,0,0,0,0,8,0,0,0,0,0,0.000250866630176975,9,0.000752599890530925,0.000250866630176975,-0.000240822929892825,0.000742556190246775,0.0009833791201396,0,9,0,0,0,0,0
"Pontibacter",2.4147590070511e-05,34,0.000140803436077593,0,8,0,0,0,0,0,0,8,0,0,0,0,0,9.12242291552636e-05,9,0.000273672687465791,9.12242291552636e-05,-8.75719745064818e-05,0.000270020432817009,0.000357592407323491,0,9,0,0,0,0,0
"Porphyromonas",0.00340367523280018,34,0.00456789781580123,0.000427425444308746,8,0.000882982651439722,0.000312181510251552,-0.000184439072423618,0.00103928996104111,0.00122372903346473,0.00592288198450802,8,0.0059113425299352,0.00208997519441681,0.00182660587486897,0.0100191580941471,0.0081925522192781,0.00412749192203867,9,0.00548719525596165,0.00182906508532055,0.000542590229430709,0.00771239361464663,0.00716980338521592,0.00308611902070265,9,0.00296583445504379,0.000988611485014596,0.00114847611537139,0.00502376192603392,0.00387528581066253
"Prevotella",0.0458195478431516,34,0.0834442929589993,0.002280042003914,8,0.00426730951080539,0.00150872174625617,-0.000676998281440472,0.00523708228926847,0.00591408057070895,0.025691516922593,8,0.0363466832514338,0.0128504931003642,0.000505013262298817,0.0508780205828872,0.0503730073205884,0.00900362838583917,9,0.010680347752556,0.00356011591751868,0.0020259294067148,0.0159813273649635,0.0139553979582487,0.139228833309172,9,0.117450406913269,0.0391501356377563,0.0624959774693115,0.215961689149032,0.153465711679721
"Propionibacterium",0.00269435038425037,34,0.0048933146515992,0,8,0,0,0,0,0,0.00624823187129508,8,0.00711734083307734,0.00251635998354245,0.00131625693141408,0.0111802068111761,0.00986394987976201,0.00462467312157242,9,0.00471149975829684,0.00157049991943228,0.00154654984176209,0.00770279640138275,0.00615624655962065,0,9,0,0,0,0,0
"Proteocatella",1.50922437940694e-05,34,8.80021475484959e-05,0,8,0,0,0,0,0,0,8,0,0,0,0,0,5.70151432220398e-05,9,0.000171045429666119,5.70151432220398e-05,-5.47324840665511e-05,0.000168762770510631,0.000223495254577182,0,9,0,0,0,0,0
"Pseudomonas",0.0379655778447382,34,0.100410555019321,0,8,0,0,0,0,0,0.0870222634814145,8,0.161368056024217,0.0570522233408071,-0.0247980395045029,0.198842566467332,0.223640605971835,0.0660723932077536,9,0.111563730289529,0.0371879100965096,-0.00681457124171861,0.138959357657226,0.145773928898944,0,9,0,0,0,0,0
"Pseudoxanthomonas",1.20737950352555e-05,34,7.04017180387967e-05,0,8,0,0,0,0,0,0,8,0,0,0,0,0,4.56121145776318e-05,9,0.000136836343732895,4.56121145776318e-05,-4.37859872532409e-05,0.000135010216408505,0.000178796203661745,0,9,0,0,0,0,0
"Psychrobacter",0.00380736666324071,34,0.0153527796303686,0,8,0,0,0,0,0,0.00568322296848045,8,0.0147413619165462,0.00521185848755748,-0.0045318319596516,0.0158982778966125,0.0204301098562641,0.00933163142248228,9,0.0267113357017591,0.00890377856725302,-0.00811945389565328,0.0267827167406178,0.0349021706362711,0,9,0,0,0,0,0
"Pusillimonas",0.000156887354879197,34,0.000914802619210119,0,8,0,0,0,0,0,0.000666771258236586,8,0.00188591391279751,0.000666771258236586,-0.000640076393833578,0.00197361891030675,0.00261369530414033,0,9,0,0,0,0,0,0,9,0,0,0,0,0
"Raphanus",0.000211291413116971,34,0.00123203006567894,0,8,0,0,0,0,0,0,8,0,0,0,0,0,0.000798212005108557,9,0.00239463601532567,0.000798212005108557,-0.000766254776931716,0.00236267878714883,0.00312893356408055,0,9,0,0,0,0,0
"Rhizobium",0.000204895130946615,34,0.00119473365203774,0,8,0,0,0,0,0,0.000870804306523116,8,0.00246300652091578,0.000870804306523116,-0.000835940771844568,0.0025775493848908,0.00341349015673537,0,9,0,0,0,0,0,0,9,0,0,0,0,0
"Rhodococcus",0.000498760225669968,34,0.00138572880930851,0,8,0,0,0,0,0,0.000835219679004961,8,0.00164557744789549,0.000581799486187275,-0.000305086360146007,0.00197552571815593,0.00228061207830194,0.00114178780452658,9,0.00210821717179465,0.000702739057264883,-0.000235555438242222,0.00251913104729538,0.0027546864855376,0,9,0,0,0,0,0
"Roseburia",0.00870364206780425,34,0.015053927510095,0.032076402599681,8,0.0119335620326519,0.00421915131849923,0.0238070179700979,0.0403457872292642,0.0165387692591663,0,8,0,0,0,0,0,0.00436806772309957,9,0.0090439552534956,0.0030146517511652,-0.00154054113511482,0.010276676581314,0.0118172177164288,0,9,0,0,0,0,0
"Roseomonas",0.000139353275205673,34,0.000593425798199222,0,8,0,0,0,0,0,0,8,0,0,0,0,0,0.000526445706332543,9,0.00110606507143972,0.000368688357146572,-0.000196170195193979,0.00124906160785906,0.00144523180305304,0,9,0,0,0,0,0
"Rothia",0.0129881393880831,34,0.0185894337311136,0,8,0,0,0,0,0,0.0103652833633726,8,0.0106399396619386,0.00376178674318625,0.00299231682920731,0.0177382498975378,0.0147459330683305,0.00575991545106167,9,0.00570162561351377,0.00190054187117126,0.00203492183245564,0.00948490906966769,0.00744998723721205,0.0340928036920321,9,0.0236318911789582,0.00787729705965273,0.0186535851595895,0.0495320222244748,0.0308784370648852
"Rubellimicrobium",0.000265992834288034,34,0.000788353867892884,0,8,0,0,0,0,0,0.00050809798484477,8,0.000799693758219741,0.000282734439654867,-4.60513340678824e-05,0.00106224730375742,0.0011082986378253,0.000553219165226111,9,0.00130474098161885,0.000434913660539617,-0.000299195945816017,0.00140563427626824,0.00170483022208426,0,9,0,0,0,0,0
"Rubricoccus",9.05534627644161e-06,34,5.28012885290975e-05,0,8,0,0,0,0,0,0,8,0,0,0,0,0,3.42090859332239e-05,9,0.000102627257799672,3.42090859332239e-05,-3.28394904399307e-05,0.000101257662306378,0.000134097152746309,0,9,0,0,0,0,0
"Ruminococcus",0.00153903982477678,68,0.0050568147773845,0.00628890330694173,16,0.00905122651653692,0.00226280662913423,0.00185388380986016,0.0107239228040233,0.00887003899416314,0.000252015948359604,16,0.000881602470022456,0.000220400617505614,-0.000179961324121787,0.000683993220840996,0.000863954544962783,0,18,0,0,0,0,0,0,18,0,0,0,0,0
"Salinibacterium",0.000488398814970823,34,0.00250993805618264,0,8,0,0,0,0,0,0,8,0,0,0,0,0,0.00184506218988978,9,0.00481358603118036,0.00160452867706012,-0.00129975622930976,0.00498988060908931,0.00628963683839907,0,9,0,0,0,0,0
"Sarcina",1.41063619692481e-05,34,8.22535180539611e-05,0,8,0,0,0,0,0,0,8,0,0,0,0,0,5.32907007727152e-05,9,0.000159872102318145,5.32907007727152e-05,-5.11571534527074e-05,0.000157738554998138,0.000208895708450845,0,9,0,0,0,0,0
"Scardovia",4.91475711308143e-05,34,0.000253010576388516,0,8,0,0,0,0,0,0.000183418928833456,8,0.000518787073504437,0.000183418928833456,-0.000176075565763033,0.000542913423429944,0.000718988989192976,2.26295541977823e-05,9,6.78886625933469e-05,2.26295541977823e-05,-2.17235570160682e-05,6.69826654116328e-05,8.8706222427701e-05,0,9,0,0,0,0,0
"Schwartzia",0.000215173893977487,34,0.00113530958389575,0,8,0,0,0,0,0,0.00082538517975055,8,0.00233454183076997,0.00082538517975055,-0.000792340045933646,0.00244311040543475,0.00323545045136839,7.92034396922381e-05,9,0.000237610319076714,7.92034396922381e-05,-7.60324495562387e-05,0.000234439328940715,0.000310471778496953,0,9,0,0,0,0,0
"Segetibacter",3.92398338645803e-05,34,0.000228805583626089,0,8,0,0,0,0,0,0,8,0,0,0,0,0,0.000148239372377303,9,0.00044471811713191,0.000148239372377303,-0.000142304458573033,0.00043878320332764,0.000581087661900673,0,9,0,0,0,0,0
"Selenomonas",0.000899240266728638,34,0.00402263554940451,0,8,0,0,0,0,0,0.00284299339691856,8,0.00804119963931877,0.00284299339691856,-0.002729171269327,0.00841515806316413,0.0111443293324911,0.000724145734329034,9,0.0021724372029871,0.000724145734329034,-0.000695153824514182,0.00214344529317225,0.00283859911768643,0.000145878920495988,9,0.000437636761487965,0.000145878920495988,-0.000140038509779731,0.000431796350771707,0.000571834860551438
"Shuttleworthia",0.000198426278430363,34,0.00065025371567179,0.000751602218912314,8,0.00120916387277447,0.000427503987002308,-8.62901988594879e-05,0.00158949463668412,0.0016757848355436,9.17094644167278e-05,8,0.000259393536752218,9.17094644167278e-05,-8.80377828815163e-05,0.000271456711714972,0.000359494494596488,0,9,0,0,0,0,0,0,9,0,0,0,0,0
"Skermanella",5.26247963667875e-05,34,0.000216108897446987,0,8,0,0,0,0,0,9.53713123092574e-05,8,0.000269750806658144,9.53713123092574e-05,-9.15530249752086e-05,0.000282295649593723,0.000373848674568932,0.00011403028644408,9,0.000342090859332239,0.00011403028644408,-0.000109464968133102,0.000337525541021261,0.000446990509154364,0,9,0,0,0,0,0
"Sphingobacterium",0.000298029281376895,34,0.00173779440296399,0,8,0,0,0,0,0,0.0012666244458518,8,0.00358255493951386,0.0012666244458518,-0.00121591384995574,0.00374916274165935,0.00496507659161508,0,9,0,0,0,0,0,0,9,0,0,0,0,0
"Sphingomonas",0.00244692558601236,34,0.00448284111172893,0,8,0,0,0,0,0,0.00598836867183925,8,0.00541830922997828,0.00191566159954165,0.00223374093017122,0.00974299641350728,0.00750925548333606,0.00392094672774515,9,0.00543117438877953,0.00181039146292651,0.000372644662490409,0.00746924879299989,0.00709660413050948,0,9,0,0,0,0,0
"Sphingopyxis",7.30049600659825e-05,34,0.000335865166546725,0,8,0,0,0,0,0,0.000235331032318795,8,0.000665616675105002,0.000235331032318795,-0.000225909315470675,0.000696571380108265,0.000922480695578939,6.66133759658939e-05,9,0.000199840127897682,6.66133759658939e-05,-6.39464418158842e-05,0.000197173193747672,0.000261119635563556,0,9,0,0,0,0,0
"Streptobacillus",0.0048353080982396,34,0.00904835358228357,0,8,0,0,0,0,0,0.0109918583521633,8,0.0100491928685963,0.00355292621141796,0.00402825093805576,0.0179554657662708,0.0139272148282151,0.00849617872476,9,0.0121119213802247,0.00403730712674157,0.000583202161819642,0.0164091552877004,0.0158259531258807,0,9,0,0,0,0,0
"Streptococcus",0.0924650759985466,34,0.0798804735318691,0.000828163000337968,8,0.00147858992571121,0.000522760481532253,-0.000196428716006065,0.001852754716682,0.00204918343268806,0.129888889290564,8,0.0630740979179466,0.0223000611775022,0.08618157252962,0.173596206051508,0.0874146335218882,0.0896049524283734,9,0.0817850727298232,0.0272616909099411,0.036173020087226,0.143036884769521,0.106863864682295,0.143514621529779,9,0.0583997406739794,0.0194665802246598,0.105360825387286,0.181668417672271,0.0763075922849857
"Subdoligranulum",0.000376401785674297,34,0.00110080507191041,0.000902940588000935,8,0.00101503877931141,0.000358870402009208,0.000199567524945478,0.00160631365105639,0.00140674612611091,0,8,0,0,0,0,0,0.000619348445435402,9,0.00185804533630621,0.000619348445435402,-0.000594552201498856,0.00183324909236966,0.00242780129386852,0,9,0,0,0,0,0
"TG5",0.000354197545958597,34,0.00164830715383985,0,8,0,0,0,0,0,0.00116165321594522,8,0.0032856514655281,0.00116165321594522,-0.00111514524983254,0.00343845168172298,0.00455359693155552,0.000305498981670061,9,0.000916496945010183,0.000305498981670061,-0.000293268019716921,0.000904265983057043,0.00119753400277396,0,9,0,0,0,0,0
"Tannerella",0.000324490698343279,34,0.00113446390032013,0,8,0,0,0,0,0,0.000891407286551742,8,0.00214004642366026,0.000756620669112095,-0.000591541974866562,0.00237435654797004,0.00296589852283661,0.000282869427472279,9,0.000848608282416836,0.000282869427472279,-0.000271544462700852,0.00083728331764541,0.00110882778034626,0.000150622289334115,9,0.000344678150325732,0.000114892716775244,-7.45632976313241e-05,0.000375807876299554,0.000450371173930878
"Tatlockia",1.8626830086056e-05,34,0.000108612150185249,0,8,0,0,0,0,0,7.91640278657378e-05,8,0.000223909683719616,7.91640278657378e-05,-7.59946156222335e-05,0.000234322671353709,0.000310317286975943,0,9,0,0,0,0,0,0,9,0,0,0,0,0
"Tepidimonas",4.23190859077444e-05,34,0.000246760554161883,0,8,0,0,0,0,0,0,8,0,0,0,0,0,0.000159872102318145,9,0.000479616306954436,0.000159872102318145,-0.000153471460358122,0.000473215664994413,0.000626687125352535,0,9,0,0,0,0,0
"Treponema",0.000459166027561775,34,0.00224563784864204,0,8,0,0,0,0,0,0.00162020053802886,8,0.00458261914928919,0.00162020053802886,-0.00155533416424012,0.00479573524029784,0.00635106940453796,0.00029444895920772,9,0.00077461261311548,0.000258204204371827,-0.000211621982017879,0.00080051990043332,0.0010121418824512,0,9,0,0,0,0,0
"Truepera",1.20737950352555e-05,34,7.04017180387967e-05,0,8,0,0,0,0,0,0,8,0,0,0,0,0,4.56121145776318e-05,9,0.000136836343732895,4.56121145776318e-05,-4.37859872532409e-05,0.000135010216408505,0.000178796203661745,0,9,0,0,0,0,0
"Turicibacter",1.12158756981883e-05,34,6.53992316547002e-05,4.76674717173001e-05,8,0.000134823969973284,4.76674717173001e-05,-4.57590560826897e-05,0.00014109399951729,0.00018685305559998,0,8,0,0,0,0,0,0,9,0,0,0,0,0,0,9,0,0,0,0,0
"Unclassified Acetobacteraceae",7.88620499238821e-05,34,0.000274547189742248,0,8,0,0,0,0,0,5.6999544003648e-05,8,0.000161219056358082,5.6999544003648e-05,-5.4717509378708e-05,0.000168716597386004,0.000223434106764712,0.000247257038375867,9,0.000492532965770339,0.00016417765525678,-7.45252529936535e-05,0.000569039329745388,0.000643564582739042,0,9,0,0,0,0,0
"Unclassified Acidimicrobiales",1.20737950352555e-05,34,7.04017180387967e-05,0,8,0,0,0,0,0,0,8,0,0,0,0,0,4.56121145776318e-05,9,0.000136836343732895,4.56121145776318e-05,-4.37859872532409e-05,0.000135010216408505,0.000178796203661745,0,9,0,0,0,0,0
"Unclassified Actinomycetaceae",1.49754402779442e-05,34,8.73210718648212e-05,0,8,0,0,0,0,0,0,8,0,0,0,0,0,5.65738854944558e-05,9,0.000169721656483367,5.65738854944558e-05,-5.43088925401705e-05,0.000167456663529082,0.000221765556069253,0,9,0,0,0,0,0
"Unclassified Actinomycetales",5.23607204835139e-05,34,0.00030531284231881,0,8,0,0,0,0,0,0.000222533062054934,8,0.000629418548869002,0.000222533062054934,-0.000213623724942153,0.000658689849052021,0.000872313573994174,0,9,0,0,0,0,0,0,9,0,0,0,0,0
"Unclassified Alcaligenaceae",0.000257913830633139,34,0.00141594908509853,0,8,0,0,0,0,0,0,8,0,0,0,0,0,0.000974341137947415,9,0.00273586568570462,0.000911955228568205,-0.00081305826555926,0.00276174054145409,0.00357479880701335,0,9,0,0,0,0,0
"Unclassified BD1-5",6.61436956080713e-05,34,0.000197919257354129,0,8,0,0,0,0,0,0.000255652457861798,8,0.000353973649122976,0.000125148583828102,1.03657408425262e-05,0.00050093917488107,0.000490573434038544,2.26295541977823e-05,9,6.78886625933469e-05,2.26295541977823e-05,-2.17235570160682e-05,6.69826654116328e-05,8.8706222427701e-05,0,9,0,0,0,0,0
"Unclassified Bacillaceae",4.6143339670352e-05,34,0.000269059593885329,0,8,0,0,0,0,0,0.000196109193598996,8,0.000554680562587502,0.000196109193598996,-0.000188257762892229,0.000580476150090221,0.00076873391298245,0,9,0,0,0,0,0,0,9,0,0,0,0,0
"Unclassified Bacilli",0.032420652139766,34,0.0551884321418346,0.000228977541919558,8,0.000434751355980232,0.000153707815971834,-7.22842415275472e-05,0.000530239325366664,0.000602523566894211,0.0588955029676699,8,0.0680621684347846,0.0240636104212486,0.01173169320402,0.10605931273132,0.0943276195272998,0.0699229254083698,9,0.0633109391634045,0.0211036463878015,0.0285605385458101,0.11128531227093,0.0827247737251195,0,9,0,0,0,0,0
"Unclassified Bacteria",0.00199961040729775,34,0.00420940923913456,0,8,0,0,0,0,0,0.00604578722145111,8,0.00666039871847776,0.00235480654962091,0.0014304511936351,0.0106611232492671,0.00923067205563202,0.00218005067516829,9,0.00306116546635152,0.00102038848878384,0.000180125986912711,0.00417997536342387,0.00399984937651116,0,9,0,0,0,0,0
"Unclassified Bacteroidales",0.000647602783232631,34,0.00190557909560558,0.00241574627711537,8,0.00347270845964464,0.00122778785044931,9.32630957888123e-06,0.00482216624465186,0.00481283993507298,0.000183418928833456,8,0.000518787073504437,0.000183418928833456,-0.000176075565763033,0.000542913423429944,0.000718988989192976,0.000136130331368761,9,0.000288403323031151,9.61344410103835e-05,-5.22897106854809e-05,0.000324550373423003,0.000376840084108484,0,9,0,0,0,0,0
"Unclassified Betaproteobacteria",0.000174398505892742,34,0.000791569560174277,0,8,0,0,0,0,0,0.000550256786500367,8,0.00155636122051331,0.000550256786500367,-0.000528226697289098,0.00162874027028983,0.00215696696757893,0.000169721656483367,9,0.000509164969450102,0.000169721656483367,-0.000162926677620511,0.000502369990587246,0.000665296668207757,0,9,0,0,0,0,0
"Unclassified Brucellaceae",0.000754503128042234,34,0.0030668324686047,0,8,0,0,0,0,0,0.00152965171007217,8,0.00432650838818252,0.00152965171007217,-0.00146841055055939,0.00452771397070372,0.00599612452126311,0.00149065474142874,9,0.00447196422428621,0.00149065474142874,-0.00143097486515545,0.00441228434801292,0.00584325921316837,0,9,0,0,0,0,0
"Unclassified Burkholderiales",0.00149054599427937,34,0.00373600433529076,0.00609108073841308,8,0.00580063384406962,0.00205083376316091,0.00207152042433895,0.0101106410524872,0.00803912062814826,0,8,0,0,0,0,0,0.000216657544243751,9,0.000649972632731253,0.000216657544243751,-0.000207983439452894,0.000641298527940397,0.000849281967393291,0,9,0,0,0,0,0
"Unclassified Cardiobacteriaceae",5.82171347056075e-05,34,0.000276046103664825,0,8,0,0,0,0,0,0.000196109193598996,8,0.000554680562587502,0.000196109193598996,-0.000188257762892229,0.000580476150090221,0.00076873391298245,4.56121145776318e-05,9,0.000136836343732895,4.56121145776318e-05,-4.37859872532409e-05,0.000135010216408505,0.000178796203661745,0,9,0,0,0,0,0
"Unclassified Carnobacteriaceae",0.00512810182273839,34,0.00747366339074944,0,8,0,0,0,0,0,0.00252990702116153,8,0.00366186752102195,0.0012946656779607,-7.59107966156417e-06,0.00506740512198463,0.0050749962016462,0.00213500962211287,9,0.00257627171731764,0.000858757239105879,0.000451876362002292,0.00381814288222344,0.00336626652022115,0.0149890132449775,9,0.00771462906318735,0.00257154302106245,0.00994888153899974,0.0200291449509552,0.0100802634119555
"Unclassified Chitinophagaceae",0.000122516104426248,34,0.000527641433818391,0,8,0,0,0,0,0,0.000520693443811554,8,0.00103708067517607,0.00036666338902726,-0.000197953593131274,0.00123934048075438,0.00143729407388566,0,9,0,0,0,0,0,0,9,0,0,0,0,0
"Unclassified Chlorophyta",4.35694500903459e-05,34,0.000176983754802553,0,8,0,0,0,0,0,9.53713123092574e-05,8,0.000269750806658144,9.53713123092574e-05,-9.15530249752086e-05,0.000282295649593723,0.000373848674568932,7.98212005108557e-05,9,0.000239463601532567,7.98212005108557e-05,-7.66254776931716e-05,0.000236267878714883,0.000312893356408055,0,9,0,0,0,0,0
"Unclassified Christensenellaceae",2.28680097262924e-05,34,9.49583460828125e-05,5.8703819661866e-05,8,0.000166039475857831,5.8703819661866e-05,-5.63535526303256e-05,0.000173761191954058,0.000230114744584383,0,8,0,0,0,0,0,3.42090859332239e-05,9,0.000102627257799672,3.42090859332239e-05,-3.28394904399307e-05,0.000101257662306378,0.000134097152746309,0,9,0,0,0,0,0
"Unclassified Clostridiaceae",2.76253268997016e-05,34,0.000161081952231536,0.000117407639323732,8,0.000332078951715661,0.000117407639323732,-0.000112707105260651,0.000347522383908115,0.000460229489168766,0,8,0,0,0,0,0,0,9,0,0,0,0,0,0,9,0,0,0,0,0
"Unclassified Clostridiales",0.00213882433300964,34,0.00220684602089422,0.00517014195769569,8,0.00175561577547166,0.000620703909997045,0.00395358464903829,0.00638669926635309,0.0024331146173148,0.00221224767469648,8,0.0015032976784178,0.000531495991275609,0.00117053467386887,0.00325396067552409,0.00208342600165522,0.000724060897711708,9,0.00112404561978899,0.000374681873262995,-1.03020795437638e-05,0.00145842387496718,0.00146872595451094,0.000793818020420574,9,0.000818804582019464,0.000272934860673155,0.000258875523375734,0.00132876051746541,0.00106988499408968
"Unclassified Comamonadaceae",0.00646653119752649,34,0.0206295287975061,0.000191958676532179,8,0.000542941127533996,0.000191958676532179,-0.000184273415990866,0.000568190769055225,0.000752464185046091,0.00822783658013909,8,0.0095868812052829,0.0033894743553427,0.00158458891714528,0.0148710842431329,0.0132864953259876,0.0169448554069478,9,0.0382334166694806,0.0127444722231602,-0.00803385115241729,0.0419235619663129,0.0499574131187302,0,9,0,0,0,0,0
"Unclassified Coriobacteriaceae",2.10285036622852e-05,34,8.97317791175328e-05,8.93711405647119e-05,8,0.000176005789996224,6.22274438172128e-05,-3.25924081670148e-05,0.000211334689296439,0.000243927097463453,0,8,0,0,0,0,0,0,9,0,0,0,0,0,0,9,0,0,0,0,0
"Unclassified Desulfomicrobiaceae",1.8626830086056e-05,34,0.000108612150185249,0,8,0,0,0,0,0,7.91640278657378e-05,8,0.000223909683719616,7.91640278657378e-05,-7.59946156222335e-05,0.000234322671353709,0.000310317286975943,0,9,0,0,0,0,0,0,9,0,0,0,0,0
"Unclassified Ellin6075",6.03993768184525e-05,34,0.000256639383071738,0,8,0,0,0,0,0,0,8,0,0,0,0,0,0.000228175423536376,9,0.000478142652937057,0.000159380884312352,-8.42053695399795e-05,0.000540556216612732,0.000624761586152711,0,9,0,0,0,0,0
"Unclassified Ellin6529",3.67413500786528e-05,34,0.000168323713318562,0,8,0,0,0,0,0,0.000117665516159398,8,0.000332808337552501,0.000117665516159398,-0.000112954657735337,0.000348285690054132,0.00046124034778947,3.42090859332239e-05,9,0.000102627257799672,3.42090859332239e-05,-3.28394904399307e-05,0.000101257662306378,0.000134097152746309,0,9,0,0,0,0,0
"Unclassified Enterobacteriaceae",0.00574940543640565,34,0.0103202123134618,0.00918570470920979,8,0.0131188398526912,0.00463821031056915,9.49795477719201e-05,0.0182764298706477,0.0181814503228757,0.00386138263223679,8,0.00498601928380778,0.00176282402335369,0.000406311035381573,0.00731645422909202,0.00691014319371044,0.0101225651229133,9,0.0138896068236547,0.00462986894121824,0.00104818874498493,0.0191969415008416,0.0181487527558567,0,9,0,0,0,0,0
"Unclassified Erysipelotrichaceae",0.000791540779549499,34,0.00199332006575495,0.00330046743821253,8,0.00304768221834546,0.00107751838174687,0.00118857021730879,0.00541236465911627,0.00422379444180748,6.35808748728382e-05,8,0.000179833871105429,6.35808748728382e-05,-6.10353499834724e-05,0.000188197099729149,0.000249232449712621,0,9,0,0,0,0,0,0,9,0,0,0,0,0
"Unclassified Erythrobacteraceae",5.43320776586497e-05,34,0.000316807731174585,0,8,0,0,0,0,0,0,8,0,0,0,0,0,0.000205254515599343,9,0.00061576354679803,0.000205254515599343,-0.000197036942639584,0.00060754597383827,0.000804582916477855,0,9,0,0,0,0,0
"Unclassified FBP",1.34116574126231e-05,34,7.82027292031504e-05,0,8,0,0,0,0,0,5.6999544003648e-05,8,0.000161219056358082,5.6999544003648e-05,-5.4717509378708e-05,0.000168716597386004,0.000223434106764712,0,9,0,0,0,0,0,0,9,0,0,0,0,0
"Unclassified Flavobacteriaceae",0.000957983501983145,34,0.0038041271103509,0,8,0,0,0,0,0,0.00286547514257709,8,0.00713818708129453,0.00252373024528079,-0.00208094524486769,0.00781189553002186,0.00989284077488955,0.00107195976964558,9,0.00308328308999471,0.00102776102999824,-0.000942414833864747,0.00308633437315591,0.00402874920702066,0,9,0,0,0,0,0
"Unclassified Fusobacteriaceae",0.000226831641304802,34,0.00109678290726697,0,8,0,0,0,0,0,0.000784436774395984,8,0.00221872225035001,0.000784436774395984,-0.000753031051568916,0.00232190460036088,0.0030749356519298,0.000159642401021711,9,0.000478927203065134,0.000159642401021711,-0.000153250955386343,0.000472535757429766,0.000625786712816109,0,9,0,0,0,0,0
"Unclassified Gaiellaceae",1.20737950352555e-05,34,7.04017180387967e-05,0,8,0,0,0,0,0,0,8,0,0,0,0,0,4.56121145776318e-05,9,0.000136836343732895,4.56121145776318e-05,-4.37859872532409e-05,0.000135010216408505,0.000178796203661745,0,9,0,0,0,0,0
"Unclassified Gemellaceae",0.00499224182358814,34,0.00574709633677593,0,8,0,0,0,0,0,0.00571816495414732,8,0.00490095785864604,0.00173275026807906,0.00232203683451025,0.0091142930737844,0.00679225623927415,0.00516973142849106,9,0.00686304339859858,0.00228768113286619,0.000685958799961533,0.00965350405702059,0.00896754525705905,0.00860703550137762,9,0.00528600202675981,0.0017620006755866,0.00515357763649263,0.0120604933662626,0.00690691572976997
"Unclassified Gemellales",0.000371390918893015,34,0.00216556258224757,0,8,0,0,0,0,0,0,8,0,0,0,0,0,0.0014030323602625,9,0.00420909708078751,0.0014030323602625,-0.00134686053499623,0.00415292525552123,0.00549978579051746,0,9,0,0,0,0,0
"Unclassified Intrasporangiaceae",0.000347740178271019,34,0.00120901936327053,0,8,0,0,0,0,0,0.000666771258236586,8,0.00188591391279751,0.000666771258236586,-0.000640076393833578,0.00197361891030675,0.00261369530414033,0.000720999555035774,9,0.00154985783388005,0.000516619277960017,-0.000291555623484946,0.0017335547335565,0.00202511035704144,0,9,0,0,0,0,0
"Unclassified Lachnospiraceae",0.0158969243140928,34,0.0298135685140475,0.0566116054453596,8,0.0402947416814473,0.0142463425445558,0.0286892871466095,0.0845339237441096,0.0558446365975001,0.00219320124642111,8,0.00221724624127077,0.000783914926381472,0.000656756223770056,0.00372964626907216,0.00307289004530211,0.00414381066447629,9,0.00711323536409289,0.00237107845469763,-0.000503417711249958,0.00879103904020253,0.00929445675145249,0.0036402974627359,9,0.00458376822657264,0.00152792274219088,0.000645623916882101,0.0066349710085897,0.0059893470917076
"Unclassified Lactobacillaceae",0.000682584376100871,34,0.00210599290537647,0,8,0,0,0,0,0,0.00182108595715822,8,0.00313650779647282,0.0011089229660652,-0.00035236311795891,0.00399453503227535,0.00434689815023426,0.000959909014462652,9,0.00270452634627659,0.000901508782092195,-0.000807015730184618,0.00272683375910992,0.00353384948929454,0,9,0,0,0,0,0
"Unclassified Leptotrichiaceae",0.000307116506189375,34,0.00127823614705688,0,8,0,0,0,0,0,0.000509883903357389,8,0.00144216946272751,0.000509883903357389,-0.000489470183519795,0.00150923799023457,0.00199870817375437,0.000706987775953293,9,0.00212096332785988,0.000706987775953293,-0.000678682802425234,0.00209265835433182,0.00277134115675705,0,9,0,0,0,0,0
"Unclassified Microbacteriaceae",0.000818681801748136,34,0.00396578586088999,0,8,0,0,0,0,0,0,8,0,0,0,0,0,0.00309279791771518,9,0.00754739742414069,0.00251579914138023,-0.00183807779172686,0.00802367362715722,0.00986175141888408,0,9,0,0,0,0,0
"Unclassified Moraxellaceae",5.80438130479787e-05,34,0.000244751548727381,0,8,0,0,0,0,0,0.000156887354879197,8,0.000443744450070002,0.000156887354879197,-0.000150606210313783,0.000464380920072176,0.00061498713038596,7.98212005108557e-05,9,0.000239463601532567,7.98212005108557e-05,-7.66254776931716e-05,0.000236267878714883,0.000312893356408055,0,9,0,0,0,0,0
"Unclassified Myxococcales",4.59700180127232e-05,34,0.000220069826055806,0,8,0,0,0,0,0,0.000156887354879197,8,0.000443744450070002,0.000156887354879197,-0.000150606210313783,0.000464380920072176,0.00061498713038596,3.42090859332239e-05,9,0.000102627257799672,3.42090859332239e-05,-3.28394904399307e-05,0.000101257662306378,0.000134097152746309,0,9,0,0,0,0,0
"Unclassified Nakamurellaceae",3.62213851057664e-05,34,0.00021120515411639,0,8,0,0,0,0,0,0,8,0,0,0,0,0,0.000136836343732895,9,0.000410509031198686,0.000136836343732895,-0.000131357961759723,0.000405030649225514,0.000536388610985236,0,9,0,0,0,0,0
"Unclassified Neisseriaceae",9.58442837678776e-05,34,0.000294016918213537,0,8,0,0,0,0,0,0.00014249886000912,8,0.000403047640895205,0.00014249886000912,-0.00013679377344677,0.00042179149346501,0.00055858526691178,0.000235412752003875,9,0.000413323861882285,0.000137774620627428,-3.46205424095533e-05,0.000505446046417304,0.000540066588826857,0,9,0,0,0,0,0
"Unclassified Nocardioidaceae",0.00029715366449772,34,0.00144149247076065,0,8,0,0,0,0,0,0,8,0,0,0,0,0,0.00112258051032472,9,0.00274388513606051,0.000914628378686836,-0.000670058171139741,0.00291521919178918,0.00358527736292892,0,9,0,0,0,0,0
"Unclassified Nostocaceae",6.03689751762774e-06,34,3.52008590193984e-05,0,8,0,0,0,0,0,0,8,0,0,0,0,0,2.28060572888159e-05,9,6.84181718664477e-05,2.28060572888159e-05,-2.18929936266204e-05,6.75051082042523e-05,8.93981018308727e-05,0,9,0,0,0,0,0
"Unclassified OPB54",1.84573358681408e-05,34,0.000107623837554132,0,8,0,0,0,0,0,7.84436774395984e-05,8,0.000221872225035001,7.84436774395983e-05,-7.53031051568915e-05,0.000232190460036088,0.00030749356519298,0,9,0,0,0,0,0,0,9,0,0,0,0,0
"Unclassified Oxalobacteraceae",0.00131694984781354,34,0.00278102093204417,0,8,0,0,0,0,0,0.00323873552636554,8,0.00347122270003004,0.00122726255509996,0.000833345118795016,0.00564412593393606,0.00481078081514104,0.00209626784608179,9,0.0036466194620966,0.00121553982069887,-0.000286146424262262,0.00447868211642584,0.0047648285406881,0,9,0,0,0,0,0
"Unclassified PHOS-HD29",6.03689751762774e-06,34,3.52008590193984e-05,0,8,0,0,0,0,0,0,8,0,0,0,0,0,2.28060572888159e-05,9,6.84181718664477e-05,2.28060572888159e-05,-2.18929936266204e-05,6.75051082042523e-05,8.93981018308727e-05,0,9,0,0,0,0,0
"Unclassified Paenibacillaceae",1.50922437940694e-05,34,8.80021475484959e-05,0,8,0,0,0,0,0,0,8,0,0,0,0,0,5.70151432220398e-05,9,0.000171045429666119,5.70151432220398e-05,-5.47324840665511e-05,0.000168762770510631,0.000223495254577182,0,9,0,0,0,0,0
"Unclassified Pasteurellaceae",0.00906814224794031,34,0.0277332006220712,0,8,0,0,0,0,0,0.02326310012094,8,0.0448062664290657,0.0158414074158217,-0.00778548787849631,0.0543116881203764,0.0620971759988727,0.0135791150513834,9,0.0318885720036293,0.0106295240012098,-0.00725436916379186,0.0344125992665586,0.0416669684303505,0,9,0,0,0,0,0
"Unclassified Peptostreptococcaceae",0.000361906256088095,34,0.000786725654885456,0,8,0,0,0,0,0,0.000721314621753774,8,0.00110350457879902,0.000390147785369597,-4.33609862186983e-05,0.00148599022972625,0.00152935121594495,0.000124462548087803,9,0.000373387644263408,0.000124462548087803,-0.000119479563588375,0.00036840465976398,0.000487884223352356,0.000601570311130534,9,0.000979793144170469,0.00032659771472349,-3.8549447160593e-05,0.00124169006942166,0.00128023951658225
"Unclassified Planococcaceae",0.00013281174538781,34,0.000774418898426764,0,8,0,0,0,0,0,0,8,0,0,0,0,0,0.00050173326035395,9,0.00150519978106185,0.00050173326035395,-0.00048164585978565,0.00148511238049355,0.0019667582402792,0,9,0,0,0,0,0
"Unclassified Proteobacteria",2.76860038022112e-05,34,0.000161435756331198,0,8,0,0,0,0,0,0.000117665516159398,8,0.000332808337552501,0.000117665516159398,-0.000112954657735337,0.000348285690054132,0.00046124034778947,0,9,0,0,0,0,0,0,9,0,0,0,0,0
"Unclassified Pseudomonadaceae",0.00023071669835176,34,0.00134529796942665,0,8,0,0,0,0,0,0.00098054596799498,8,0.00277340281293751,0.000980545967994979,-0.000941288814461144,0.0029023807504511,0.00384366956491225,0,9,0,0,0,0,0,0,9,0,0,0,0,0
"Unclassified Rhizobiaceae",0.000405344408894105,34,0.00185814860295408,0,8,0,0,0,0,0,0,8,0,0,0,0,0,0.00153130110026662,9,0.0035075281026783,0.0011691760342261,-0.000760241818403908,0.00382284401893714,0.00458308583734105,0,9,0,0,0,0,0
"Unclassified Rhizobiales",2.99508805558883e-05,34,0.000174642143729642,0,8,0,0,0,0,0,0,8,0,0,0,0,0,0.000113147770988912,9,0.000339443312966735,0.000113147770988912,-0.000108617785080341,0.000334913327058164,0.000443531112138505,0,9,0,0,0,0,0
"Unclassified Rhodobacteraceae",2.4147590070511e-05,34,0.000140803436077593,0,8,0,0,0,0,0,0,8,0,0,0,0,0,9.12242291552636e-05,9,0.000273672687465791,9.12242291552636e-05,-8.75719745064818e-05,0.000270020432817009,0.000357592407323491,0,9,0,0,0,0,0
"Unclassified Rhodospirillaceae",2.79402451290839e-05,34,0.000162918225277874,0,8,0,0,0,0,0,0.000118746041798607,8,0.000335864525579424,0.000118746041798607,-0.00011399192343335,0.000351484007030564,0.000465475930463914,0,9,0,0,0,0,0,0,9,0,0,0,0,0
"Unclassified Rhodospirillales",6.03689751762774e-06,34,3.52008590193984e-05,0,8,0,0,0,0,0,0,8,0,0,0,0,0,2.28060572888159e-05,9,6.84181718664477e-05,2.28060572888159e-05,-2.18929936266204e-05,6.75051082042523e-05,8.93981018308727e-05,0,9,0,0,0,0,0
"Unclassified Rikenellaceae",3.58244922655574e-05,34,0.000145456852764005,0.000152254092128619,8,0.000281929298212949,9.96770592907702e-05,-4.31093541661541e-05,0.000347617538423392,0.000390726892589546,0,8,0,0,0,0,0,0,9,0,0,0,0,0,0,9,0,0,0,0,0
"Unclassified Ruminococcaceae",0.00236684439456662,34,0.00500724551619365,0.00845187562872132,8,0.00705818389444036,0.00249544484731023,0.00356089360258722,0.0133428576548554,0.0097819640522682,0,8,0,0,0,0,0,0.00142863382061049,9,0.0031482306589376,0.00104941021964587,-0.000628172414903677,0.00348544005612466,0.00411361247102833,0,9,0,0,0,0,0
"Unclassified S24-7",4.34374121487091e-05,34,0.000219847673000973,0,8,0,0,0,0,0,0.000158952187182096,8,0.000449584677763573,0.000158952187182096,-0.000152588374958681,0.000470492749322872,0.000623081124281553,2.28060572888159e-05,9,6.84181718664477e-05,2.28060572888159e-05,-2.18929936266204e-05,6.75051082042523e-05,8.93981018308727e-05,0,9,0,0,0,0,0
"Unclassified SR1",0.000110343367347052,34,0.00038587145878808,0,8,0,0,0,0,0,0.00039401926326334,8,0.00072959206769354,0.000257949749283008,-0.000111552955152492,0.000899591481679173,0.00101114443683167,6.66133759658939e-05,9,0.000199840127897682,6.66133759658939e-05,-6.39464418158842e-05,0.000197173193747672,0.000261119635563556,0,9,0,0,0,0,0
"Unclassified Solirubrobacterales",5.13136288998358e-05,34,0.000299207301664886,0,8,0,0,0,0,0,0,8,0,0,0,0,0,0.000193851486954935,9,0.000581554460864806,0.000193851486954935,-0.000186090445826274,0.000573793419736144,0.000759883865562418,0,9,0,0,0,0,0
"Unclassified Sphingomonadaceae",0.000295877744053265,34,0.00100959012121913,0,8,0,0,0,0,0,0.000975255453277277,8,0.00184800362610776,0.000653367947839062,-0.000305322193140128,0.00225583309969468,0.00256115529283481,0.000250866630176975,9,0.000752599890530925,0.000250866630176975,-0.000240822929892825,0.000742556190246775,0.0009833791201396,0,9,0,0,0,0,0
"Unclassified Streptophyta",0.017285867101376,34,0.0316036458466154,0,8,0,0,0,0,0,0.0202213187182507,8,0.0194728597044059,0.00688469557303983,0.00672756335057033,0.0337150740859311,0.0269875107353608,0.0338532771544933,9,0.0401911193701264,0.0133970397900421,0.0075955616665607,0.0601109926424259,0.0525154309758652,0.0134743819233709,9,0.0392471761305467,0.0130823920435156,-0.012166635313553,0.0391153991602948,0.0512820344738477
"Unclassified TM7-3",8.46016531163019e-06,34,4.93308169545545e-05,0,8,0,0,0,0,0,0,8,0,0,0,0,0,0,9,0,0,0,0,0,3.19606245106029e-05,9,9.58818735318088e-05,3.19606245106029e-05,-3.06810484535869e-05,9.46022974747928e-05,0.00012528334592838
"Unclassified Unassigned",9.05534627644161e-06,34,5.28012885290975e-05,0,8,0,0,0,0,0,0,8,0,0,0,0,0,3.42090859332239e-05,9,0.000102627257799672,3.42090859332239e-05,-3.28394904399307e-05,0.000101257662306378,0.000134097152746309,0,9,0,0,0,0,0
"Unclassified Veillonellaceae",0.000502443383803122,34,0.00153368006303038,0.000211775698007646,8,0.000392795763884673,0.000138874274132101,-6.04128776704142e-05,0.000483964273685707,0.000544377151356121,0.000978234287111763,8,0.00276686439202366,0.000978234287111763,-0.000939069684069507,0.00289553825829303,0.00383460794236254,9.05182167911292e-05,9,0.000271554650373388,9.05182167911292e-05,-8.68942280642728e-05,0.000267930661646531,0.000354824889710804,0.000749814579692299,9,0.00149156979213698,0.000497189930712326,-0.000224659777979823,0.00172428893736442,0.00194894871534425
"Unclassified WD2101",1.76329524615602e-05,34,0.000102816897567451,0,8,0,0,0,0,0,0,8,0,0,0,0,0,6.66133759658939e-05,9,0.000199840127897682,6.66133759658939e-05,-6.39464418158842e-05,0.000197173193747672,0.000261119635563556,0,9,0,0,0,0,0
"Unclassified Xanthomonadaceae",0.00027349494594804,34,0.00150663691345895,0,8,0,0,0,0,0,0.00109821148415438,8,0.00310621115049001,0.00109821148415438,-0.00105424347219648,0.00325066644050524,0.00430490991270172,5.70151432220398e-05,9,0.000171045429666119,5.70151432220398e-05,-5.47324840665511e-05,0.000168762770510631,0.000223495254577182,0,9,0,0,0,0,0
"Unclassified [Acidaminobacteraceae]",4.31573950196366e-05,34,0.000251648694266337,0,8,0,0,0,0,0,0.000183418928833456,8,0.000518787073504437,0.000183418928833456,-0.000176075565763033,0.000542913423429944,0.000718988989192976,0,9,0,0,0,0,0,0,9,0,0,0,0,0
"Unclassified [Barnesiellaceae]",0.000125648628490171,34,0.000435575622061607,0.000534006671083226,8,0.000803246510121121,0.000283990527135537,-2.26045340529709e-05,0.00109061787621942,0.00111322241027239,0,8,0,0,0,0,0,0,9,0,0,0,0,0,0,9,0,0,0,0,0
"Unclassified [Chthoniobacteraceae]",9.05534627644161e-06,34,5.28012885290975e-05,0,8,0,0,0,0,0,0,8,0,0,0,0,0,3.42090859332239e-05,9,0.000102627257799672,3.42090859332239e-05,-3.28394904399307e-05,0.000101257662306378,0.000134097152746309,0,9,0,0,0,0,0
"Unclassified [Mogibacteriaceae]",0.000733469454695026,34,0.0017302900757504,0.000215863683645763,8,0.000313120119333682,0.000110704679853394,-1.11350178692537e-06,0.000432840869078452,0.000433954370865377,0.00151857121196044,8,0.00300942603436768,0.00106399277819036,-0.000566816313103388,0.00360395873702426,0.00417077505012765,0.000260504627911047,9,0.000673796213050136,0.000224598737683379,-0.000179700808921534,0.000700710064743628,0.000880410873665162,0.000968660071509097,9,0.00163930209477797,0.000546434031592656,-0.00010233095033953,0.00203965109335772,0.00214198204369725
"Unclassified [Paraprevotellaceae]",0.000316451129345683,34,0.000960839700387675,0,8,0,0,0,0,0,0.000737713962851806,8,0.00163936002642604,0.000579601295746007,-0.000398283702203115,0.00187371162790673,0.00227199533010984,0.000491795362671735,9,0.00102112793974197,0.000340375979913989,-0.000175329299162212,0.00115892002450568,0.00133424932366789,4.79409367659044e-05,9,0.000143822810297713,4.79409367659044e-05,-4.60215726803803e-05,0.000141903446212189,0.00018792501889257
"Unclassified [Pedosphaerales]",5.05095600972765e-05,34,0.000245849189113723,0,8,0,0,0,0,0,0.000176180408738548,8,0.000498313446924981,0.000176180408738548,-0.000169126847170552,0.000521487664647649,0.000690614511818201,3.42090859332239e-05,9,0.000102627257799672,3.42090859332239e-05,-3.28394904399307e-05,0.000101257662306378,0.000134097152746309,0,9,0,0,0,0,0
"Unclassified [Tissierellaceae]",1.84573358681408e-05,34,0.000107623837554132,0,8,0,0,0,0,0,7.84436774395984e-05,8,0.000221872225035001,7.84436774395983e-05,-7.53031051568915e-05,0.000232190460036088,0.00030749356519298,0,9,0,0,0,0,0,0,9,0,0,0,0,0
"Unclassified [Weeksellaceae]",0.00108142140585398,34,0.00166556505709926,0,8,0,0,0,0,0,0.00254051593079615,8,0.00215599630676692,0.00076225980436402,0.00104651416738012,0.00403451769421217,0.00298800352683205,0.00112877278832344,9,0.0017593747296797,0.000586458243226566,-2.0664246837261e-05,0.00227820982348414,0.0022988740703214,0.000698360584195018,9,0.000902486924109602,0.000300828974703201,0.000108746628270634,0.0012879745401194,0.00117922791184877
"Unclassified mitochondria",0.00377531301829947,34,0.0076822665715583,0,8,0,0,0,0,0,0.00634883582728866,8,0.00910704050661877,0.00321982504938535,3.80946939734722e-05,0.0126595769606038,0.0126214822666304,0.00597456927708549,9,0.00895472699729904,0.00298490899909968,0.000124255141720621,0.0118248834124504,0.0117006282707297,0.00264431472334481,9,0.00793294417003443,0.00264431472334481,-0.00253844689820001,0.00782707634488963,0.0103655232430896
"Varibaculum",4.52767313822081e-05,34,0.000264006442645488,0,8,0,0,0,0,0,0,8,0,0,0,0,0,0.000171045429666119,9,0.000513136288998358,0.000171045429666119,-0.000164197452199653,0.000506288311531892,0.000670485763731545,0,9,0,0,0,0,0
"Variovorax",0.00027318841205547,34,0.00120248275808279,0,8,0,0,0,0,0,0,8,0,0,0,0,0,0.00103204511220955,9,0.0022546692861897,0.000751556428729899,-0.000440978420450593,0.0025050686448697,0.00294604706532029,0,9,0,0,0,0,0
"Veillonella",0.0237956797292597,34,0.0327618053437214,0.000107335623159961,8,0.000303590987997168,0.000107335623159961,-0.000103038332491726,0.000317709578811647,0.000420747911303373,0.0159171326766476,8,0.0196717099153303,0.00695499973933234,0.00228558367507071,0.0295486816782244,0.0272630980031537,0.00767166421489029,9,0.00873844489946658,0.00291281496648886,0.00196265178694289,0.0133806766428377,0.0114180248558948,0.0679791540513728,9,0.030009539961411,0.010003179987137,0.0483732815457125,0.0875850265570332,0.0392117450113208
"Vibrio",0.000432076625125092,34,0.00216141650814804,0,8,0,0,0,0,0,0.000277074097530082,8,0.000783683893018656,0.000277074097530082,-0.000265981154677817,0.000820129349737982,0.0010861105044158,0.00138600138600139,9,0.00415800415800416,0.00138600138600139,-0.00133051141308393,0.0041025141850867,0.00543302559817063,0,9,0,0,0,0,0
"Vogesella",5.81145321199019e-05,34,0.00033886304118259,0,8,0,0,0,0,0,0.000246986761509583,8,0.000698584055706923,0.000246986761509583,-0.000237098395707383,0.00073107191872655,0.000968170314433933,0,9,0,0,0,0,0,0,9,0,0,0,0,0
"WAL_1855D",0.00027220697705932,34,0.000654008343729564,9.6401028277635e-05,8,0.000272663283233887,9.6401028277635e-05,-9.25415152191568e-05,0.000285343571774427,0.000377885086993584,0.000557230835039284,8,0.00106504906566551,0.000376551708314241,-0.000180796951573659,0.00129525862165223,0.00147605557322589,0.000447331368164615,9,0.000690489621257243,0.000230163207085748,-3.78022828968403e-06,0.000898442964618914,0.000902223192908598,0,9,0,0,0,0,0
"Wautersiella",2.4147590070511e-05,34,0.000140803436077593,0,8,0,0,0,0,0,0,8,0,0,0,0,0,9.12242291552636e-05,9,0.000273672687465791,9.12242291552636e-05,-8.75719745064818e-05,0.000270020432817009,0.000357592407323491,0,9,0,0,0,0,0
"Weissella",9.6872823574118e-05,34,0.00027455727379467,0,8,0,0,0,0,0,0.000206325777611414,8,0.000395584348590458,0.000139860187709788,-6.77951531707818e-05,0.00048044670839361,0.000548241861564392,0.000182563308958744,9,0.000365842858305924,0.000121947619435308,-5.64496331348557e-05,0.000421576251052344,0.0004780258841872,0,9,0,0,0,0,0
"Williamsia",3.01844875881387e-05,34,0.000176004295096992,0,8,0,0,0,0,0,0,8,0,0,0,0,0,0.00011403028644408,9,0.000342090859332239,0.00011403028644408,-0.000109464968133102,0.000337525541021261,0.000446990509154364,0,9,0,0,0,0,0
"Xanthomonas",0.00143784360716458,34,0.00589828230650623,0,8,0,0,0,0,0,0.00262786319422655,8,0.00743271953867253,0.00262786319422654,-0.00252265402275587,0.00777838041120896,0.0103010344339648,0.00309597523219814,9,0.00928792569659443,0.00309597523219814,-0.00297202471993825,0.00916397518433453,0.0121359999042728,0,9,0,0,0,0,0
"[Eubacterium]",0.000240146483343142,34,0.000820650246456281,0,8,0,0,0,0,0,0.000197910069664345,8,0.00055977420929904,0.000197910069664345,-0.000189986539055584,0.000585806678384273,0.000775793217439857,0.000731299986261342,9,0.00145194792764221,0.000483982642547404,-0.000217288562274091,0.00167988853479678,0.00189717709707087,0,9,0,0,0,0,0
"[Prevotella]",0.00947494611035396,34,0.0173067299979926,0,8,0,0,0,0,0,0.0110897104745378,8,0.00807852644962712,0.00285619041726311,0.00549168012371366,0.0166877408253619,0.0111960607016482,0.0124667544797344,9,0.0188776479819702,0.00629254932732342,0.000133584427238776,0.02479992453223,0.0246663401049913,0.0134699659597914,9,0.0264887629060088,0.00882958763533626,-0.00383570780380783,0.0307756397233907,0.0346113475271985
"[Ruminococcus]",0.000468684003821451,34,0.00149595572414888,0.00199190701624117,8,0.00266128882843163,0.000940907688640002,0.000147761833729935,0.0038360521987524,0.00368829036502246,0,8,0,0,0,0,0,0,9,0,0,0,0,0,0,9,0,0,0,0,0
"ph2",0.000542519757158536,34,0.00184562479846826,0,8,0,0,0,0,0,0.00112184135542323,8,0.00271291989975279,0.000959162028965564,-0.00075808167668764,0.0030017643875341,0.00375984606422174,0.00105232676666716,9,0.0025214522462467,0.000840484082082233,-0.000594991763793227,0.00269964529712754,0.00329463706092077,0,9,0,0,0,0,0
